time,pdb_code,error
2023/06/21 15:42,1a14,
2023/06/21 15:42,1a2y,
2023/06/21 15:42,1a3r,
2023/06/21 15:42,1acy,
2023/06/21 15:42,1adq,
2023/06/21 15:42,1afv,
2023/06/21 15:42,1ahw,
2023/06/21 15:42,1ai1,
2023/06/21 15:42,1ar1,
2023/06/21 15:42,1bgx,
2023/06/21 15:42,1bj1,
2023/06/21 15:42,1bog,
2023/06/21 15:42,1bql,
2023/06/21 15:42,1bvk,
2023/06/21 15:42,1c08,
2023/06/21 15:42,1ce1,
2023/06/21 15:42,1cfn,
2023/06/21 15:42,1cfs,
2023/06/21 15:42,1cft,
2023/06/21 15:42,1cu4,
2023/06/21 15:42,1cz8,
2023/06/21 15:42,1dee,
2023/06/21 15:42,1dqj,
2023/06/21 15:42,1e4w,
2023/06/21 15:42,1e4x,
2023/06/21 15:42,1e6j,
2023/06/21 15:42,1egj,
2023/06/21 15:42,1ejo,
2023/06/21 15:42,1eo8,
2023/06/21 15:42,1ezv,
2023/06/21 15:42,1f58,
2023/06/21 15:42,1f90,
2023/06/21 15:42,1fbi,
2023/06/21 15:42,1fdl,
2023/06/21 15:42,1fe8,
2023/06/21 15:42,1fj1,
2023/06/21 15:42,1fns,
2023/06/21 15:42,1fpt,
2023/06/21 15:42,1frg,
2023/06/21 15:42,1fsk,
2023/06/21 15:42,1g7h,
2023/06/21 15:42,1g7i,
2023/06/21 15:42,1g7j,
2023/06/21 15:42,1g7l,
2023/06/21 15:42,1g7m,
2023/06/21 15:42,1g9m,
2023/06/21 15:42,1g9n,
2023/06/21 15:42,1gc1,
2023/06/21 15:42,1ggi,
2023/06/21 15:42,1h0d,
2023/06/21 15:42,1hez,
2023/06/21 15:42,1hh6,
2023/06/21 15:42,1hh9,
2023/06/21 15:42,1hi6,
2023/06/21 15:42,1him,
2023/06/21 15:42,1hin,
2023/06/21 15:42,1hys,
2023/06/21 15:42,1i8i,
2023/06/21 15:42,1i8k,
2023/06/21 15:42,1i9r,
2023/06/21 15:42,1ic4,
2023/06/21 15:42,1ic5,
2023/06/21 15:42,1ic7,
2023/06/21 15:42,1ifh,
2023/06/21 15:42,1ikf,
2023/06/21 15:42,1iqd,
2023/06/21 15:42,1j1o,
2023/06/21 15:42,1j1p,
2023/06/21 15:42,1j1x,
2023/06/21 15:42,1j5o,
2023/06/21 15:42,1jhl,
2023/06/21 15:42,1jps,
2023/06/21 15:42,1jrh,
2023/06/21 15:42,1k4c,
2023/06/21 15:42,1k4d,
2023/06/21 15:42,1kb9,
2023/06/21 15:42,1kc5,
2023/06/21 15:42,1kcr,
2023/06/21 15:42,1kcs,
2023/06/21 15:42,1ken,
2023/06/21 15:42,1kip,
2023/06/21 15:42,1kiq,
2023/06/21 15:42,1kir,
2023/06/21 15:42,1ktr,
2023/06/21 15:42,1kyo,
2023/06/21 15:42,1lk3,
2023/06/21 15:42,1mhp,
2023/06/21 15:42,1mlc,
2023/06/21 15:42,1mpa,
2023/06/21 15:42,1mvu,
2023/06/21 15:42,1n0x,
2023/06/21 15:42,1n5y,
2023/06/21 15:42,1n64,
2023/06/21 15:42,1n6q,
2023/06/21 15:42,1n8z,
2023/06/21 15:42,1nak,
2023/06/21 15:42,1nby,
2023/06/21 15:42,1nbz,
2023/06/21 15:42,1nca,
2023/06/21 15:42,1ncb,
2023/06/21 15:42,1ncc,
2023/06/21 15:42,1ncd,
2023/06/21 15:42,1ndg,
2023/06/21 15:42,1ndm,
2023/06/21 15:42,1nl0,
2023/06/21 15:42,1nma,
2023/06/21 15:42,1nmb,
2023/06/21 15:42,1nmc,
2023/06/21 15:42,1nsn,
2023/06/21 15:42,1oak,
2023/06/21 15:42,1oaz,
2023/06/21 15:42,1ob1,
2023/06/21 15:42,1orq,
2023/06/21 15:42,1ors,
2023/06/21 15:42,1osp,
2023/06/21 15:42,1ots,
2023/06/21 15:42,1ott,
2023/06/21 15:42,1otu,
2023/06/21 15:42,1p2c,
2023/06/21 15:42,1p4b,
2023/06/21 15:42,1p84,
2023/06/21 15:42,1pkq,
2023/06/21 15:42,1pz5,
2023/06/21 15:42,1q1j,
2023/06/21 15:42,1qfu,
2023/06/21 15:42,1qfw,
2023/06/21 15:42,1qkz,
2023/06/21 15:42,1qle,
2023/06/21 15:42,1r0a,
2023/06/21 15:42,1r3i,
2023/06/21 15:42,1r3j,
2023/06/21 15:42,1r3k,
2023/06/21 15:42,1r3l,
2023/06/21 15:42,1rjl,
2023/06/21 15:42,1rvf,
2023/06/21 15:42,1rzj,
2023/06/21 15:42,1rzk,
2023/06/21 15:42,1s5h,
2023/06/21 15:42,1s78,
2023/06/21 15:42,1sm3,
2023/06/21 15:42,1sy6,
2023/06/21 15:42,1t03,
2023/06/21 15:42,1tet,
2023/06/21 15:42,1tjg,
2023/06/21 15:42,1tjh,
2023/06/21 15:42,1tji,
2023/06/21 15:42,1tpx,
2023/06/21 15:42,1tqb,
2023/06/21 15:42,1tqc,
2023/06/21 15:42,1tzg,
2023/06/21 15:42,1tzh,
2023/06/21 15:42,1tzi,
2023/06/21 15:42,1u8h,
2023/06/21 15:42,1u8i,
2023/06/21 15:42,1u8j,
2023/06/21 15:42,1u8k,
2023/06/21 15:42,1u8l,
2023/06/21 15:42,1u8m,
2023/06/21 15:42,1u8n,
2023/06/21 15:42,1u8o,
2023/06/21 15:42,1u8p,
2023/06/21 15:42,1u8q,
2023/06/21 15:42,1u91,
2023/06/21 15:42,1u92,
2023/06/21 15:42,1u93,
2023/06/21 15:42,1u95,
2023/06/21 15:42,1ua6,
2023/06/21 15:42,1uac,
2023/06/21 15:42,1uj3,
2023/06/21 15:42,1uwx,
2023/06/21 15:42,1v7m,
2023/06/21 15:42,1v7n,
2023/06/21 15:42,1vfb,
2023/06/21 15:42,1w72,
2023/06/21 15:42,1wej,
2023/06/21 15:42,1xcq,
2023/06/21 15:42,1xct,
2023/06/21 15:42,1xf5,
2023/06/21 15:42,1xgp,
2023/06/21 15:42,1xgq,
2023/06/21 15:42,1xgr,
2023/06/21 15:42,1xgt,
2023/06/21 15:42,1xgu,
2023/06/21 15:42,1xgy,
2023/06/21 15:42,1xiw,
2023/06/21 15:42,1yjd,
2023/06/21 15:42,1ymh,
2023/06/21 15:42,1ynt,
2023/06/21 15:42,1yqv,
2023/06/21 15:42,1yy9,
2023/06/21 15:42,1yyl,
2023/06/21 15:42,1yym,
2023/06/21 15:42,1z3g,
2023/06/21 15:42,1za3,
2023/06/21 15:42,1zea,
2023/06/21 15:42,1ztx,
2023/06/21 15:42,1zwi,
2023/06/21 15:42,2a0l,
2023/06/21 15:42,2a6d,
2023/06/21 15:42,2a6i,
2023/06/21 15:42,2a6k,
2023/06/21 15:42,2adf,
2023/06/21 15:42,2aep,
2023/06/21 15:42,2aeq,
2023/06/21 15:42,2ap2,
2023/06/21 15:42,2arj,
2023/06/21 15:42,2atk,
2023/06/21 15:42,2b0s,
2023/06/21 15:42,2b1a,
2023/06/21 15:42,2b1h,
2023/06/21 15:42,2b2x,
2023/06/21 15:42,2b4c,
2023/06/21 15:42,2bdn,
2023/06/21 15:42,2bob,
2023/06/21 15:42,2boc,
2023/06/21 15:42,2brr,
2023/06/21 15:42,2ck0,
2023/06/21 15:42,2cmr,
2023/06/21 15:42,2dd8,
2023/06/21 15:42,2dqc,
2023/06/21 15:42,2dqd,
2023/06/21 15:42,2dqe,
2023/06/21 15:42,2dqf,
2023/06/21 15:42,2dqg,
2023/06/21 15:42,2dqh,
2023/06/21 15:42,2dqi,
2023/06/21 15:42,2dqj,
2023/06/21 15:42,2dtg,No valid ori_fasta
2023/06/21 15:42,2dwd,
2023/06/21 15:42,2dwe,
2023/06/21 15:42,2eh8,
2023/06/21 15:42,2eiz,
2023/06/21 15:42,2eks,
2023/06/21 15:42,2exw,
2023/06/21 15:42,2exy,
2023/06/21 15:42,2ez0,
2023/06/21 15:42,2f58,
2023/06/21 15:42,2f5b,
2023/06/21 15:42,2fd6,
2023/06/21 15:42,2fec,
2023/06/21 15:42,2fed,
2023/06/21 15:42,2fee,
2023/06/21 15:42,2fjg,
2023/06/21 15:42,2fjh,
2023/06/21 15:42,2fx7,
2023/06/21 15:42,2fx8,
2023/06/21 15:42,2fx9,
2023/06/21 15:42,2g5b,
2023/06/21 15:42,2gsi,
2023/06/21 15:42,2h1p,
2023/06/21 15:42,2h2p,
2023/06/21 15:42,2h2s,
2023/06/21 15:42,2h32,
2023/06/21 15:42,2h8p,
2023/06/21 15:42,2h9g,
2023/06/21 15:42,2hfe,
2023/06/21 15:42,2hfg,
2023/06/21 15:42,2hg5,
2023/06/21 15:42,2hh0,
2023/06/21 15:42,2hjf,
2023/06/21 15:42,2hkf,
2023/06/21 15:42,2hlf,
2023/06/21 15:42,2hmi,
2023/06/21 15:42,2hrp,
2023/06/21 15:42,2ht2,
2023/06/21 15:42,2ht3,
2023/06/21 15:42,2ht4,
2023/06/21 15:42,2htk,
2023/06/21 15:42,2htl,
2023/06/21 15:42,2hvj,
2023/06/21 15:42,2hvk,
2023/06/21 15:42,2i5y,
2023/06/21 15:42,2i60,
2023/06/21 15:42,2i9l,
2023/06/21 15:42,2ibz,
2023/06/21 15:42,2iff,
2023/06/21 15:42,2igf,
2023/06/21 15:42,2ih1,
2023/06/21 15:42,2ih3,
2023/06/21 15:42,2ipu,
2023/06/21 15:42,2itc,
2023/06/21 15:42,2itd,
2023/06/21 15:42,2j4w,
2023/06/21 15:42,2j5l,
2023/06/21 15:42,2j6e,No valid ori_pdb
2023/06/21 15:42,2j88,
2023/06/21 15:42,2jel,
2023/06/21 15:42,2jix,
2023/06/21 15:42,2jk5,
2023/06/21 15:42,2mpa,
2023/06/21 15:42,2nlj,
2023/06/21 15:42,2nr6,
2023/06/21 15:42,2nxy,
2023/06/21 15:42,2nxz,
2023/06/21 15:42,2ny0,
2023/06/21 15:42,2ny1,
2023/06/21 15:42,2ny2,
2023/06/21 15:42,2ny3,
2023/06/21 15:42,2ny4,
2023/06/21 15:42,2ny5,
2023/06/21 15:42,2ny6,
2023/06/21 15:42,2ny7,
2023/06/21 15:42,2nyy,
2023/06/21 15:42,2nz9,
2023/06/21 15:42,2oqj,
2023/06/21 15:42,2or9,
2023/06/21 15:42,2osl,
2023/06/21 15:42,2otu,
2023/06/21 15:42,2otw,
2023/06/21 15:42,2oz4,
2023/06/21 15:42,2p7t,
2023/06/21 15:42,2p8l,
2023/06/21 15:42,2p8m,
2023/06/21 15:42,2p8p,
2023/06/21 15:42,2pw1,
2023/06/21 15:42,2pw2,
2023/06/21 15:42,2q8a,
2023/06/21 15:42,2q8b,
2023/06/21 15:42,2qad,
2023/06/21 15:42,2qhr,
2023/06/21 15:42,2qqk,
2023/06/21 15:42,2qql,
2023/06/21 15:42,2qqn,
2023/06/21 15:42,2qr0,
2023/06/21 15:42,2qsc,
2023/06/21 15:42,2r0k,
2023/06/21 15:42,2r0l,
2023/06/21 15:42,2r0w,
2023/06/21 15:42,2r0z,
2023/06/21 15:42,2r29,
2023/06/21 15:42,2r4r,
2023/06/21 15:42,2r4s,
2023/06/21 15:42,2r56,
2023/06/21 15:42,2r69,
2023/06/21 15:42,2r9h,
2023/06/21 15:42,2uud,
2023/06/21 15:42,2uzi,
2023/06/21 15:42,2v17,
2023/06/21 15:42,2vc2,
2023/06/21 15:42,2vdk,
2023/06/21 15:42,2vdl,
2023/06/21 15:42,2vdm,
2023/06/21 15:42,2vdn,
2023/06/21 15:42,2vdo,
2023/06/21 15:42,2vdp,
2023/06/21 15:42,2vdq,
2023/06/21 15:42,2vdr,
2023/06/21 15:42,2vh5,
2023/06/21 15:42,2vir,
2023/06/21 15:42,2vis,
2023/06/21 15:42,2vit,
2023/06/21 15:42,2vwe,
2023/06/21 15:42,2vxq,
2023/06/21 15:42,2vxs,
2023/06/21 15:42,2vxt,
2023/06/21 15:42,2w0f,
2023/06/21 15:42,2w65,
2023/06/21 15:42,2w9e,
2023/06/21 15:42,2wub,
2023/06/21 15:42,2wuc,
2023/06/21 15:42,2x7l,
2023/06/21 15:42,2xqb,
2023/06/21 15:42,2xqy,
2023/06/21 15:42,2xra,
2023/06/21 15:42,2xtj,
2023/06/21 15:42,2xwt,
2023/06/21 15:42,2xzq,
2023/06/21 15:42,2y06,
2023/06/21 15:42,2y07,
2023/06/21 15:42,2y36,
2023/06/21 15:42,2y5t,
2023/06/21 15:42,2y6s,
2023/06/21 15:42,2ybr,
2023/06/21 15:42,2yc1,
2023/06/21 15:42,2ypv,
2023/06/21 15:42,2yss,
2023/06/21 15:42,2zch,
2023/06/21 15:42,2zck,
2023/06/21 15:42,2zcl,
2023/06/21 15:42,2zjs,
2023/06/21 15:42,2zpk,
2023/06/21 15:42,2zuq,
2023/06/21 15:42,3a67,
2023/06/21 15:42,3a6b,
2023/06/21 15:42,3a6c,
2023/06/21 15:42,3ab0,
2023/06/21 15:42,3b2u,
2023/06/21 15:42,3b2v,
2023/06/21 15:42,3b9k,
2023/06/21 15:42,3bae,
2023/06/21 15:42,3bdy,
2023/06/21 15:42,3be1,
2023/06/21 15:42,3bgf,
2023/06/21 15:42,3bkj,
2023/06/21 15:42,3bky,
2023/06/21 15:42,3bn9,
2023/06/21 15:42,3bsz,
2023/06/21 15:42,3bt2,
2023/06/21 15:42,3c09,
2023/06/21 15:42,3c2a,
2023/06/21 15:42,3ck0,
2023/06/21 15:42,3csy,
2023/06/21 15:42,3cvh,
2023/06/21 15:42,3cx5,
2023/06/21 15:42,3cxd,
2023/06/21 15:42,3cxh,
2023/06/21 15:42,3d0l,
2023/06/21 15:42,3d0v,
2023/06/21 15:42,3d85,
2023/06/21 15:42,3d9a,
2023/06/21 15:42,3det,
2023/06/21 15:42,3dro,
2023/06/21 15:42,3drq,
2023/06/21 15:42,3drt,
2023/06/21 15:42,3dsf,
2023/06/21 15:42,3dvg,
2023/06/21 15:42,3dvn,
2023/06/21 15:42,3e8u,
2023/06/21 15:42,3efd,
2023/06/21 15:42,3eff,
2023/06/21 15:42,3egs,
2023/06/21 15:42,3ehb,
2023/06/21 15:42,3ejy,
2023/06/21 15:42,3ejz,
2023/06/21 15:42,3eo1,
2023/06/21 15:42,3eoa,
2023/06/21 15:42,3eob,
2023/06/21 15:42,3eyf,
2023/06/21 15:42,3eys,
2023/06/21 15:42,3eyu,
2023/06/21 15:42,3f58,
2023/06/21 15:42,3f5w,
2023/06/21 15:42,3f7v,
2023/06/21 15:42,3f7y,
2023/06/21 15:42,3fb5,
2023/06/21 15:42,3fb6,
2023/06/21 15:42,3fb7,
2023/06/21 15:42,3fb8,
2023/06/21 15:42,3ffd,
2023/06/21 15:42,3fmg,
2023/06/21 15:42,3fn0,
2023/06/21 15:42,3g04,
2023/06/21 15:42,3g5v,
2023/06/21 15:42,3g5y,
2023/06/21 15:42,3g6d,
2023/06/21 15:42,3g6j,
2023/06/21 15:42,3gb7,
2023/06/21 15:42,3gbm,
2023/06/21 15:42,3gbn,
2023/06/21 15:42,3ggw,
2023/06/21 15:42,3ghb,
2023/06/21 15:42,3ghe,
2023/06/21 15:42,3gi8,
2023/06/21 15:42,3gi9,
2023/06/21 15:42,3gjf,
2023/06/21 15:42,3go1,
2023/06/21 15:42,3grw,
2023/06/21 15:42,3h0t,
2023/06/21 15:42,3h3p,
2023/06/21 15:42,3h42,
2023/06/21 15:42,3hae,
2023/06/21 15:42,3hb3,
2023/06/21 15:42,3hfm,
2023/06/21 15:42,3hi1,
2023/06/21 15:42,3hi6,
2023/06/21 15:42,3hmx,
2023/06/21 15:42,3hpl,
2023/06/21 15:42,3hr5,
2023/06/21 15:42,3i50,
2023/06/21 15:42,3idg,
2023/06/21 15:42,3idi,
2023/06/21 15:42,3idj,
2023/06/21 15:42,3idm,
2023/06/21 15:42,3idn,
2023/06/21 15:42,3idx,
2023/06/21 15:42,3idy,
2023/06/21 15:42,3iet,
2023/06/21 15:42,3ifl,
2023/06/21 15:42,3ifn,
2023/06/21 15:42,3ifo,
2023/06/21 15:42,3ifp,
2023/06/21 15:42,3iga,
2023/06/21 15:42,3iu3,
2023/06/21 15:42,3ixt,
2023/06/21 15:42,3jwd,
2023/06/21 15:42,3jwo,
2023/06/21 15:42,3k2u,
2023/06/21 15:42,3kj4,
2023/06/21 15:42,3kj6,
2023/06/21 15:42,3klh,
2023/06/21 15:42,3kr3,
2023/06/21 15:42,3ks0,
2023/06/21 15:42,3l5w,
2023/06/21 15:42,3l5x,
2023/06/21 15:42,3l5y,No valid ori_fasta
2023/06/21 15:42,3l95,
2023/06/21 15:42,3ld8,
2023/06/21 15:42,3ldb,
2023/06/21 15:42,3lev,
2023/06/21 15:42,3lex,
2023/06/21 15:42,3ley,
2023/06/21 15:42,3lh2,
2023/06/21 15:42,3lhp,
2023/06/21 15:42,3liz,
2023/06/21 15:42,3loh,No valid ori_fasta
2023/06/21 15:42,3lqa,
2023/06/21 15:42,3lzf,
2023/06/21 15:42,3ma9,
2023/06/21 15:42,3mac,
2023/06/21 15:42,3mj9,
2023/06/21 15:42,3mlr,
2023/06/21 15:42,3mls,
2023/06/21 15:42,3mlt,
2023/06/21 15:42,3mlu,
2023/06/21 15:42,3mlv,
2023/06/21 15:42,3mlw,
2023/06/21 15:42,3mlx,
2023/06/21 15:42,3mly,
2023/06/21 15:42,3mlz,
2023/06/21 15:42,3mnw,
2023/06/21 15:42,3mnz,
2023/06/21 15:42,3moa,
2023/06/21 15:42,3mob,
2023/06/21 15:42,3mod,
2023/06/21 15:42,3mxw,
2023/06/21 15:42,3n85,
2023/06/21 15:42,3ncy,
2023/06/21 15:42,3nfp,
2023/06/21 15:42,3ngb,
2023/06/21 15:42,3nh7,
2023/06/21 15:42,3nid,
2023/06/21 15:42,3nif,
2023/06/21 15:42,3nig,
2023/06/21 15:42,3nps,
2023/06/21 15:42,3o0r,
2023/06/21 15:42,3o2d,
2023/06/21 15:42,3o41,
2023/06/21 15:42,3o45,
2023/06/21 15:42,3o6l,
2023/06/21 15:42,3o6m,
2023/06/21 15:42,3ogc,
2023/06/21 15:42,3opz,
2023/06/21 15:42,3or6,
2023/06/21 15:42,3or7,
2023/06/21 15:42,3p0y,
2023/06/21 15:42,3p11,
2023/06/21 15:42,3p30,
2023/06/21 15:42,3pgf,
2023/06/21 15:42,3pjs,
2023/06/21 15:42,3pnw,
2023/06/21 15:42,3pp4,
2023/06/21 15:42,3q1s,
2023/06/21 15:42,3q3g,
2023/06/21 15:42,3qa3,
2023/06/21 15:42,3qg6,
2023/06/21 15:42,3qnz,
2023/06/21 15:42,3qo0,
2023/06/21 15:42,3qum,
2023/06/21 15:42,3qwo,
2023/06/21 15:42,3r1g,
2023/06/21 15:42,3raj,
2023/06/21 15:42,3rhw,
2023/06/21 15:42,3ri5,
2023/06/21 15:42,3ria,
2023/06/21 15:42,3rif,
2023/06/21 15:42,3rkd,
2023/06/21 15:42,3ru8,
2023/06/21 15:42,3rvv,No valid ori_fasta
2023/06/21 15:42,3rvw,No valid ori_fasta
2023/06/21 15:42,3rvx,No valid ori_fasta
2023/06/21 15:42,3s35,
2023/06/21 15:42,3s36,
2023/06/21 15:42,3s37,
2023/06/21 15:42,3s88,
2023/06/21 15:42,3sdy,
2023/06/21 15:42,3se8,
2023/06/21 15:42,3se9,
2023/06/21 15:42,3sge,
2023/06/21 15:42,3skj,
2023/06/21 15:42,3sm5,No valid ori_fasta
2023/06/21 15:42,3so3,
2023/06/21 15:42,3sob,
2023/06/21 15:42,3sqo,
2023/06/21 15:42,3stl,
2023/06/21 15:42,3stz,
2023/06/21 15:42,3t2n,
2023/06/21 15:42,3t3m,
2023/06/21 15:42,3t3p,
2023/06/21 15:42,3thm,
2023/06/21 15:42,3tje,
2023/06/21 15:42,3tt1,
2023/06/21 15:42,3tt3,
2023/06/21 15:42,3tyg,
2023/06/21 15:42,3u0t,
2023/06/21 15:42,3u2s,
2023/06/21 15:42,3u30,
2023/06/21 15:42,3u4e,
2023/06/21 15:42,3u7y,
2023/06/21 15:42,3u9p,
2023/06/21 15:42,3u9u,
2023/06/21 15:42,3uaj,
2023/06/21 15:42,3ubx,
2023/06/21 15:42,3uc0,
2023/06/21 15:42,3uji,
2023/06/21 15:42,3ujj,
2023/06/21 15:42,3ulu,
2023/06/21 15:42,3ulv,
2023/06/21 15:42,3uo1,
2023/06/21 15:42,3uyr,
2023/06/21 15:42,3v4p,
2023/06/21 15:42,3v4u,
2023/06/21 15:42,3v4v,
2023/06/21 15:42,3v52,
2023/06/21 15:42,3v6o,
2023/06/21 15:42,3v6z,
2023/06/21 15:42,3v7a,
2023/06/21 15:42,3ve0,
2023/06/21 15:42,3vg9,
2023/06/21 15:42,3vga,
2023/06/21 15:42,3vi3,
2023/06/21 15:42,3vi4,
2023/06/21 15:42,3vrl,
2023/06/21 15:42,3w11,
2023/06/21 15:42,3w2d,
2023/06/21 15:42,3w9e,
2023/06/21 15:42,3wd5,
2023/06/21 15:42,3wfb,
2023/06/21 15:42,3wfc,
2023/06/21 15:42,3wfd,
2023/06/21 15:42,3wfe,
2023/06/21 15:42,3whe,
2023/06/21 15:42,3wih,
2023/06/21 15:42,3wkm,
2023/06/21 15:42,3wlw,
2023/06/21 15:42,3wsq,
2023/06/21 15:42,3wxv,No valid ori_fasta
2023/06/21 15:42,3wxw,No valid ori_fasta
2023/06/21 15:42,3x3f,
2023/06/21 15:42,3zdx,
2023/06/21 15:42,3zdy,
2023/06/21 15:42,3zdz,
2023/06/21 15:42,3ze0,
2023/06/21 15:42,3ze1,
2023/06/21 15:42,3ze2,
2023/06/21 15:42,3zkm,
2023/06/21 15:42,3zkn,
2023/06/21 15:42,3ztj,
2023/06/21 15:42,3ztn,
2023/06/21 15:42,4aei,
2023/06/21 15:42,4ag4,
2023/06/21 15:42,4al8,
2023/06/21 15:42,4ala,
2023/06/21 15:42,4am0,
2023/06/21 15:42,4bh7,
2023/06/21 15:42,4bh8,
2023/06/21 15:42,4bkl,
2023/06/21 15:42,4bz1,
2023/06/21 15:42,4bz2,
2023/06/21 15:42,4cad,
2023/06/21 15:42,4cmh,
2023/06/21 15:42,4cni,
2023/06/21 15:42,4d3c,
2023/06/21 15:42,4d9q,
2023/06/21 15:42,4d9r,
2023/06/21 15:42,4dag,
2023/06/21 15:42,4dgi,
2023/06/21 15:42,4dgv,
2023/06/21 15:42,4dgy,
2023/06/21 15:42,4dke,
2023/06/21 15:42,4dkf,
2023/06/21 15:42,4dn4,
2023/06/21 15:42,4dqo,
2023/06/21 15:42,4dtg,
2023/06/21 15:42,4dvr,
2023/06/21 15:42,4dw2,
2023/06/21 15:42,4edw,
2023/06/21 15:42,4edx,
2023/06/21 15:42,4ene,
2023/06/21 15:42,4ers,
2023/06/21 15:42,4etq,
2023/06/21 15:42,4f15,
2023/06/21 15:42,4f2m,
2023/06/21 15:42,4f37,
2023/06/21 15:42,4f3f,
2023/06/21 15:42,4ffv,
2023/06/21 15:42,4ffw,
2023/06/21 15:42,4ffy,
2023/06/21 15:42,4ffz,
2023/06/21 15:42,4fg6,
2023/06/21 15:42,4fp8,
2023/06/21 15:42,4fqi,
2023/06/21 15:42,4fqj,
2023/06/21 15:42,4g3y,
2023/06/21 15:42,4g6a,
2023/06/21 15:42,4g6f,
2023/06/21 15:42,4g6j,
2023/06/21 15:42,4g6m,
2023/06/21 15:42,4g7v,
2023/06/21 15:42,4g7y,
2023/06/21 15:42,4g80,
2023/06/21 15:42,4gag,
2023/06/21 15:42,4gaj,
2023/06/21 15:42,4glr,
2023/06/21 15:42,4gms,
2023/06/21 15:42,4gxu,
2023/06/21 15:42,4h88,
2023/06/21 15:42,4h8w,
2023/06/21 15:42,4hc1,
2023/06/21 15:42,4hcr,
2023/06/21 15:42,4hf5,
2023/06/21 15:42,4hfu,
2023/06/21 15:42,4hg4,
2023/06/21 15:42,4hha,
2023/06/21 15:42,4hix,
2023/06/21 15:42,4hj0,
2023/06/21 15:42,4hjg,
2023/06/21 15:42,4hkx,
2023/06/21 15:42,4hkz,
2023/06/21 15:42,4hlz,
2023/06/21 15:42,4hpo,
2023/06/21 15:42,4hpy,
2023/06/21 15:42,4hs6,
2023/06/21 15:42,4hs8,
2023/06/21 15:42,4ht1,
2023/06/21 15:42,4hwb,
2023/06/21 15:42,4hzl,
2023/06/21 15:42,4i18,
2023/06/21 15:42,4i2x,
2023/06/21 15:42,4i3r,
2023/06/21 15:42,4i3s,
2023/06/21 15:42,4i77,
2023/06/21 15:42,4i9w,
2023/06/21 15:42,4idj,
2023/06/21 15:42,4ij3,
2023/06/21 15:42,4iof,
2023/06/21 15:42,4ioi,
2023/06/21 15:42,4irz,
2023/06/21 15:42,4j4p,
2023/06/21 15:42,4j6r,
2023/06/21 15:42,4j8r,
2023/06/21 15:42,4jan,
2023/06/21 15:42,4jb9,
2023/06/21 15:42,4jdt,
2023/06/21 15:42,4jfx,
2023/06/21 15:42,4jfz,
2023/06/21 15:42,4jg0,
2023/06/21 15:42,4jg1,
2023/06/21 15:42,4jhw,
2023/06/21 15:42,4jkp,
2023/06/21 15:42,4jlr,
2023/06/21 15:42,4jm2,
2023/06/21 15:42,4jo1,
2023/06/21 15:42,4jo2,
2023/06/21 15:42,4jo3,
2023/06/21 15:42,4jpk,
2023/06/21 15:42,4jpv,
2023/06/21 15:42,4jpw,
2023/06/21 15:42,4jqi,
2023/06/21 15:42,4jr9,
2023/06/21 15:42,4jre,
2023/06/21 15:42,4jzj,
2023/06/21 15:42,4jzn,
2023/06/21 15:42,4jzo,
2023/06/21 15:42,4k2u,
2023/06/21 15:42,4k3j,
2023/06/21 15:42,4k8r,
2023/06/21 15:42,4k94,
2023/06/21 15:42,4k9e,
2023/06/21 15:42,4kht,
2023/06/21 15:42,4khx,
2023/06/21 15:42,4ki5,
2023/06/21 15:42,4kjp,
2023/06/21 15:42,4kjq,
2023/06/21 15:42,4kjw,
2023/06/21 15:42,4kk5,
2023/06/21 15:42,4kk6,
2023/06/21 15:42,4kk8,
2023/06/21 15:42,4kk9,
2023/06/21 15:42,4kka,
2023/06/21 15:42,4kkb,
2023/06/21 15:42,4kkc,
2023/06/21 15:42,4kkl,
2023/06/21 15:42,4kuc,
2023/06/21 15:42,4kv5,
2023/06/21 15:42,4kvn,
2023/06/21 15:42,4kxz,
2023/06/21 15:42,4l5f,
2023/06/21 15:42,4lbe,
2023/06/21 15:42,4lcu,
2023/06/21 15:42,4leo,
2023/06/21 15:42,4lf3,
2023/06/21 15:42,4liq,
2023/06/21 15:42,4lkx,
2023/06/21 15:42,4lmq,
2023/06/21 15:42,4lou,
2023/06/21 15:42,4lqf,
2023/06/21 15:42,4lsp,
2023/06/21 15:42,4lsq,
2023/06/21 15:42,4lsr,
2023/06/21 15:42,4lss,
2023/06/21 15:42,4lst,
2023/06/21 15:42,4lsu,
2023/06/21 15:42,4lsv,
2023/06/21 15:42,4lu5,
2023/06/21 15:42,4lvh,
2023/06/21 15:42,4lvn,
2023/06/21 15:42,4lvo,
2023/06/21 15:42,4m1c,
2023/06/21 15:42,4m1d,
2023/06/21 15:42,4m1g,
2023/06/21 15:42,4m48,
2023/06/21 15:42,4m5z,
2023/06/21 15:42,4m62,
2023/06/21 15:42,4m7l,
2023/06/21 15:42,4m8q,
2023/06/21 15:42,4ma7,
2023/06/21 15:42,4ma8,
2023/06/21 15:42,4mhh,
2023/06/21 15:42,4mqx,
2023/06/21 15:42,4msw,
2023/06/21 15:42,4mwf,
2023/06/21 15:42,4mxv,
2023/06/21 15:42,4mxw,
2023/06/21 15:42,4n0y,
2023/06/21 15:42,4n8c,
2023/06/21 15:42,4n90,
2023/06/21 15:42,4n9g,
2023/06/21 15:42,4ngh,
2023/06/21 15:42,4nhc,
2023/06/21 15:42,4nnp,
2023/06/21 15:42,4np4,
2023/06/21 15:42,4nrx,
2023/06/21 15:42,4nx3,No valid ori_fasta
2023/06/21 15:42,4nzr,
2023/06/21 15:42,4nzt,
2023/06/21 15:42,4o02,
2023/06/21 15:42,4o4y,
2023/06/21 15:42,4o51,
2023/06/21 15:42,4o58,
2023/06/21 15:42,4o9h,
2023/06/21 15:42,4od2,
2023/06/21 15:42,4odx,
2023/06/21 15:42,4oga,
2023/06/21 15:42,4ogx,
2023/06/21 15:42,4ogy,
2023/06/21 15:42,4oii,
2023/06/21 15:42,4ojf,
2023/06/21 15:42,4okv,
2023/06/21 15:42,4olu,
2023/06/21 15:42,4olv,
2023/06/21 15:42,4olw,
2023/06/21 15:42,4olx,
2023/06/21 15:42,4oly,
2023/06/21 15:42,4olz,
2023/06/21 15:42,4om0,
2023/06/21 15:42,4om1,
2023/06/21 15:42,4onf,
2023/06/21 15:42,4ong,
2023/06/21 15:42,4oqt,
2023/06/21 15:42,4ot1,
2023/06/21 15:42,4p3c,
2023/06/21 15:42,4p3d,
2023/06/21 15:42,4p59,
2023/06/21 15:42,4p9h,
2023/06/21 15:42,4pd4,
2023/06/21 15:42,4plj,
2023/06/21 15:42,4plk,
2023/06/21 15:42,4pp1,No valid ori_fasta
2023/06/21 15:42,4pp2,No valid ori_fasta
2023/06/21 15:42,4ps4,
2023/06/21 15:42,4py8,
2023/06/21 15:42,4q0x,
2023/06/21 15:42,4q5z,No valid ori_fasta
2023/06/21 15:42,4q6i,
2023/06/21 15:42,4qci,
2023/06/21 15:42,4qhu,
2023/06/21 15:42,4qnp,
2023/06/21 15:42,4qti,
2023/06/21 15:42,4qww,
2023/06/21 15:42,4qxt,
2023/06/21 15:42,4qxu,
2023/06/21 15:42,4qy8,
2023/06/21 15:42,4qyo,
2023/06/21 15:42,4r0l,
2023/06/21 15:42,4r2g,
2023/06/21 15:42,4r3s,
2023/06/21 15:42,4r4f,
2023/06/21 15:42,4r4n,
2023/06/21 15:42,4r8w,
2023/06/21 15:42,4rau,
2023/06/21 15:42,4rav,
2023/06/21 15:42,4rdq,
2023/06/21 15:42,4rfn,
2023/06/21 15:42,4rfo,
2023/06/21 15:42,4rgm,
2023/06/21 15:42,4rgn,
2023/06/21 15:42,4rgo,
2023/06/21 15:42,4ris,
2023/06/21 15:42,4rrp,
2023/06/21 15:42,4rwy,
2023/06/21 15:42,4rx4,
2023/06/21 15:42,4s1q,
2023/06/21 15:42,4s1r,
2023/06/21 15:42,4s1s,
2023/06/21 15:42,4tnv,
2023/06/21 15:42,4tnw,
2023/06/21 15:42,4tqe,
2023/06/21 15:42,4tsa,
2023/06/21 15:42,4tsb,
2023/06/21 15:42,4tsc,
2023/06/21 15:42,4ttd,
2023/06/21 15:42,4tuj,
2023/06/21 15:42,4tuk,
2023/06/21 15:42,4tul,
2023/06/21 15:42,4tvp,
2023/06/21 15:42,4u0r,
2023/06/21 15:42,4u1g,
2023/06/21 15:42,4u6h,
2023/06/21 15:42,4u6v,
2023/06/21 15:42,4uao,
2023/06/21 15:42,4ubd,
2023/06/21 15:42,4ut6,
2023/06/21 15:42,4ut9,
2023/06/21 15:42,4uta,
2023/06/21 15:42,4utb,
2023/06/21 15:42,4uu9,
2023/06/21 15:42,4uuj,
2023/06/21 15:42,4uv7,
2023/06/21 15:42,4v1d,
2023/06/21 15:42,4web,
2023/06/21 15:42,4wfe,
2023/06/21 15:42,4wff,
2023/06/21 15:42,4wfg,
2023/06/21 15:42,4wfh,
2023/06/21 15:42,4wht,
2023/06/21 15:42,4why,
2023/06/21 15:42,4wuu,
2023/06/21 15:42,4wv1,
2023/06/21 15:42,4wy7,
2023/06/21 15:42,4xak,
2023/06/21 15:42,4xaw,
2023/06/21 15:42,4xbe,
2023/06/21 15:42,4xc1,
2023/06/21 15:42,4xc3,
2023/06/21 15:42,4xcf,
2023/06/21 15:42,4xgz,No valid ori_pdb
2023/06/21 15:42,4xh2,
2023/06/21 15:42,4xi5,
2023/06/21 15:42,4xmk,
2023/06/21 15:42,4xmp,
2023/06/21 15:42,4xnm,
2023/06/21 15:42,4xnq,
2023/06/21 15:42,4xnu,
2023/06/21 15:42,4xnx,
2023/06/21 15:42,4xny,
2023/06/21 15:42,4xnz,
2023/06/21 15:42,4xp1,
2023/06/21 15:42,4xp4,
2023/06/21 15:42,4xp5,
2023/06/21 15:42,4xp6,
2023/06/21 15:42,4xp9,
2023/06/21 15:42,4xpa,
2023/06/21 15:42,4xpf,
2023/06/21 15:42,4xph,
2023/06/21 15:42,4xrc,
2023/06/21 15:42,4xtr,
2023/06/21 15:42,4xvj,
2023/06/21 15:42,4xvs,
2023/06/21 15:42,4xvt,
2023/06/21 15:42,4xvu,
2023/06/21 15:42,4xwg,
2023/06/21 15:42,4xwo,
2023/06/21 15:42,4xx1,
2023/06/21 15:42,4xxd,
2023/06/21 15:42,4xzu,
2023/06/21 15:42,4y5v,
2023/06/21 15:42,4y5x,
2023/06/21 15:42,4y5y,
2023/06/21 15:42,4ybl,
2023/06/21 15:42,4ybq,
2023/06/21 15:42,4yc2,
2023/06/21 15:42,4ydi,
2023/06/21 15:42,4ydj,
2023/06/21 15:42,4ydk,
2023/06/21 15:42,4ydl,
2023/06/21 15:42,4ydv,
2023/06/21 15:42,4ye4,
2023/06/21 15:42,4yfl,
2023/06/21 15:42,4yhp,
2023/06/21 15:42,4yhz,
2023/06/21 15:42,4yk4,
2023/06/21 15:42,4yo0,
2023/06/21 15:42,4ypg,
2023/06/21 15:42,4yqx,
2023/06/21 15:42,4yr6,
2023/06/21 15:42,4yue,
2023/06/21 15:42,4ywg,
2023/06/21 15:42,4yx2,
2023/06/21 15:42,4yxh,
2023/06/21 15:42,4yxk,
2023/06/21 15:42,4yxl,
2023/06/21 15:42,4yzf,
2023/06/21 15:42,4z0x,
2023/06/21 15:42,4z5r,
2023/06/21 15:42,4z7n,
2023/06/21 15:42,4z7o,
2023/06/21 15:42,4z7q,
2023/06/21 15:42,4zff,
2023/06/21 15:42,4zfg,
2023/06/21 15:42,4zfo,
2023/06/21 15:42,4zpt,
2023/06/21 15:42,4zpv,
2023/06/21 15:42,4zs6,
2023/06/21 15:42,4zs7,
2023/06/21 15:42,4zso,
2023/06/21 15:42,4zto,
2023/06/21 15:42,4zxb,
2023/06/21 15:42,5a3i,
2023/06/21 15:42,5anm,
2023/06/21 15:42,5aum,
2023/06/21 15:42,5b3j,
2023/06/21 15:42,5b71,
2023/06/21 15:42,5b8c,
2023/06/21 15:42,5bjz,
2023/06/21 15:42,5bk0,
2023/06/21 15:42,5bk1,
2023/06/21 15:42,5bk2,
2023/06/21 15:42,5bo1,
2023/06/21 15:42,5bv7,
2023/06/21 15:42,5bvp,
2023/06/21 15:42,5c0n,
2023/06/21 15:42,5c0r,
2023/06/21 15:42,5c6t,
2023/06/21 15:42,5c7x,
2023/06/21 15:42,5c8j,
2023/06/21 15:42,5cba,
2023/06/21 15:42,5cbe,
2023/06/21 15:42,5cd5,
2023/06/21 15:42,5cez,
2023/06/21 15:42,5cil,
2023/06/21 15:42,5cin,
2023/06/21 15:42,5cjo,
2023/06/21 15:42,5cjq,
2023/06/21 15:42,5cjx,
2023/06/21 15:42,5csz,
2023/06/21 15:42,5cus,
2023/06/21 15:42,5cws,
2023/06/21 15:42,5czv,
2023/06/21 15:42,5czx,
2023/06/21 15:42,5d1q,
2023/06/21 15:42,5d1x,
2023/06/21 15:42,5d1z,
2023/06/21 15:42,5d70,
2023/06/21 15:42,5d71,
2023/06/21 15:42,5d72,
2023/06/21 15:42,5d8j,
2023/06/21 15:42,5d93,
2023/06/21 15:42,5d96,
2023/06/21 15:42,5dd0,
2023/06/21 15:42,5dfv,
2023/06/21 15:42,5dhv,
2023/06/21 15:42,5dhy,
2023/06/21 15:42,5dlm,
2023/06/21 15:42,5dmg,
2023/06/21 15:42,5dmi,
2023/06/21 15:42,5do2,
2023/06/21 15:42,5drz,
2023/06/21 15:42,5ds8,
2023/06/21 15:42,5dsc,
2023/06/21 15:42,5dtf,
2023/06/21 15:42,5dub,
2023/06/21 15:42,5dum,
2023/06/21 15:42,5dup,
2023/06/21 15:42,5dur,
2023/06/21 15:42,5dwu,
2023/06/21 15:42,5e1a,
2023/06/21 15:42,5e2v,
2023/06/21 15:42,5e2w,
2023/06/21 15:42,5e8d,
2023/06/21 15:42,5e8e,
2023/06/21 15:42,5e94,
2023/06/21 15:42,5ea0,
2023/06/21 15:42,5ebl,
2023/06/21 15:42,5ebm,
2023/06/21 15:42,5ebw,
2023/06/21 15:42,5ec1,
2023/06/21 15:42,5ec2,
2023/06/21 15:42,5eii,
2023/06/21 15:42,5en2,
2023/06/21 15:42,5eoc,
2023/06/21 15:42,5eoq,
2023/06/21 15:42,5eor,
2023/06/21 15:42,5epm,
2023/06/21 15:42,5erw,
2023/06/21 15:42,5esv,
2023/06/21 15:42,5eu7,
2023/06/21 15:42,5ezo,
2023/06/21 15:42,5f3b,
2023/06/21 15:42,5f3h,
2023/06/21 15:42,5f96,
2023/06/21 15:42,5f9o,
2023/06/21 15:42,5f9w,
2023/06/21 15:42,5fb8,
2023/06/21 15:42,5fcu,
2023/06/21 15:42,5fec,
2023/06/21 15:42,5fgb,
2023/06/21 15:42,5fgc,
2023/06/21 15:42,5fyl,
2023/06/21 15:42,5g64,
2023/06/21 15:42,5ggr,
2023/06/21 15:42,5ggs,
2023/06/21 15:42,5ggt,
2023/06/21 15:42,5ggv,
2023/06/21 15:42,5ghw,
2023/06/21 15:42,5gir,
2023/06/21 15:42,5gis,
2023/06/21 15:42,5gjs,
2023/06/21 15:42,5gjt,
2023/06/21 15:42,5gmq,
2023/06/21 15:42,5grj,
2023/06/21 15:42,5gs0,
2023/06/21 15:42,5gux,
2023/06/21 15:42,5gzn,
2023/06/21 15:42,5gzo,
2023/06/21 15:42,5h35,
2023/06/21 15:42,5hbt,
2023/06/21 15:42,5hbv,
2023/06/21 15:42,5hd8,
2023/06/21 15:42,5hdb,
2023/06/21 15:42,5hdq,
2023/06/21 15:42,5hhv,
2023/06/21 15:42,5hhx,
2023/06/21 15:42,5hi3,
2023/06/21 15:42,5hi4,
2023/06/21 15:42,5hi5,
2023/06/21 15:42,5hj3,
2023/06/21 15:42,5hys,
2023/06/21 15:42,5i6x,
2023/06/21 15:42,5i71,
2023/06/21 15:42,5i73,
2023/06/21 15:42,5i74,
2023/06/21 15:42,5i75,
2023/06/21 15:42,5i8c,
2023/06/21 15:42,5i9q,
2023/06/21 15:42,5ibl,
2023/06/21 15:42,5ies,
2023/06/21 15:42,5if0,
2023/06/21 15:42,5ifj,
2023/06/21 15:42,5ig7,
2023/06/21 15:42,5igx,
2023/06/21 15:42,5ijk,
2023/06/21 15:42,5ikc,
2023/06/21 15:42,5iq7,
2023/06/21 15:42,5iq9,
2023/06/21 15:42,5j13,
2023/06/21 15:42,5j3h,
2023/06/21 15:42,5j9p,
2023/06/21 15:42,5jhl,
2023/06/21 15:42,5jq6,
2023/06/21 15:42,5jw3,
2023/06/21 15:42,5jw4,
2023/06/21 15:42,5jxe,
2023/06/21 15:42,5jz7,
2023/06/21 15:42,5k59,
2023/06/21 15:42,5k9k,
2023/06/21 15:42,5k9o,
2023/06/21 15:42,5k9q,
2023/06/21 15:42,5kan,
2023/06/21 15:42,5kaq,
2023/06/21 15:42,5kjr,
2023/06/21 15:42,5kn5,
2023/06/21 15:42,5kte,
2023/06/21 15:42,5kvd,
2023/06/21 15:42,5kve,
2023/06/21 15:42,5kvf,
2023/06/21 15:42,5kvg,
2023/06/21 15:42,5kw9,
2023/06/21 15:42,5kzc,
2023/06/21 15:42,5kzp,
2023/06/21 15:42,5l0q,
2023/06/21 15:42,5l6y,
2023/06/21 15:42,5lbs,
2023/06/21 15:42,5lcv,
2023/06/21 15:42,5ldn,
2023/06/21 15:42,5lqb,
2023/06/21 15:42,5lsp,
2023/06/21 15:42,5lwy,
2023/06/21 15:42,5lxg,
2023/06/21 15:42,5mes,
2023/06/21 15:42,5mev,
2023/06/21 15:42,5mhr,
2023/06/21 15:42,5mhs,
2023/06/21 15:42,5mi0,
2023/06/21 15:42,5mo3,
2023/06/21 15:42,5mo9,
2023/06/21 15:42,5mp1,
2023/06/21 15:42,5mp3,
2023/06/21 15:42,5mp5,
2023/06/21 15:42,5mu0,
2023/06/21 15:42,5mu2,
2023/06/21 15:42,5mub,
2023/06/21 15:42,5mv3,
2023/06/21 15:42,5mv4,
2023/06/21 15:42,5mvz,
2023/06/21 15:42,5my4,
2023/06/21 15:42,5myk,
2023/06/21 15:42,5myo,
2023/06/21 15:42,5myx,
2023/06/21 15:42,5n09,
2023/06/21 15:42,5n0a,
2023/06/21 15:42,5n7w,
2023/06/21 15:42,5ngv,
2023/06/21 15:42,5nh3,
2023/06/21 15:42,5nhr,
2023/06/21 15:42,5nj6,
2023/06/21 15:42,5njd,
2023/06/21 15:42,5nmv,
2023/06/21 15:42,5nph,
2023/06/21 15:42,5nuz,
2023/06/21 15:42,5o14,
2023/06/21 15:42,5o1r,
2023/06/21 15:42,5o4g,
2023/06/21 15:42,5o4o,
2023/06/21 15:42,5ob5,
2023/06/21 15:42,5oca,
2023/06/21 15:42,5occ,
2023/06/21 15:42,5ock,
2023/06/21 15:42,5ocx,
2023/06/21 15:42,5ocy,
2023/06/21 15:42,5otj,
2023/06/21 15:42,5sx4,
2023/06/21 15:42,5sx5,
2023/06/21 15:42,5sy8,
2023/06/21 15:42,5t1d,
2023/06/21 15:42,5t29,
2023/06/21 15:42,5t33,
2023/06/21 15:42,5t3x,
2023/06/21 15:42,5t3z,
2023/06/21 15:42,5t5b,
2023/06/21 15:42,5t5f,
2023/06/21 15:42,5t5n,
2023/06/21 15:42,5t6l,
2023/06/21 15:42,5t6p,
2023/06/21 15:42,5t78,
2023/06/21 15:42,5t80,
2023/06/21 15:42,5t85,
2023/06/21 15:42,5tbd,
2023/06/21 15:42,5te4,
2023/06/21 15:42,5te6,
2023/06/21 15:42,5te7,
2023/06/21 15:42,5tfw,
2023/06/21 15:42,5th9,
2023/06/21 15:42,5tih,
2023/06/21 15:42,5tkj,
2023/06/21 15:42,5tkk,
2023/06/21 15:42,5tl5,
2023/06/21 15:42,5tlj,
2023/06/21 15:42,5tlk,
2023/06/21 15:42,5tpn,
2023/06/21 15:42,5tpw,
2023/06/21 15:42,5tq0,
2023/06/21 15:42,5tq2,
2023/06/21 15:42,5tru,
2023/06/21 15:42,5tud,
2023/06/21 15:42,5tz2,
2023/06/21 15:42,5tzt,
2023/06/21 15:42,5tzu,
2023/06/21 15:42,5u3d,
2023/06/21 15:42,5u3j,
2023/06/21 15:42,5u3k,
2023/06/21 15:42,5u3l,
2023/06/21 15:42,5u3m,
2023/06/21 15:42,5u3n,
2023/06/21 15:42,5u3o,
2023/06/21 15:42,5u5f,
2023/06/21 15:42,5u5m,
2023/06/21 15:42,5u6a,
2023/06/21 15:42,5u7m,
2023/06/21 15:42,5u7o,
2023/06/21 15:42,5u8q,
2023/06/21 15:42,5u8r,
2023/06/21 15:42,5ucb,
2023/06/21 15:42,5udc,
2023/06/21 15:42,5uea,
2023/06/21 15:42,5uek,
2023/06/21 15:42,5uem,
2023/06/21 15:42,5ug0,
2023/06/21 15:42,5ugy,
2023/06/21 15:42,5ukr,
2023/06/21 15:42,5um8,
2023/06/21 15:42,5umi,
2023/06/21 15:42,5umn,
2023/06/21 15:42,5uoe,
2023/06/21 15:42,5uqy,
2023/06/21 15:42,5ush,
2023/06/21 15:42,5usi,No valid ori_fasta
2023/06/21 15:42,5usl,
2023/06/21 15:42,5utf,
2023/06/21 15:42,5uty,
2023/06/21 15:42,5utz,
2023/06/21 15:42,5uwe,No valid ori_fasta
2023/06/21 15:42,5v6l,
2023/06/21 15:42,5v6m,
2023/06/21 15:42,5v7j,
2023/06/21 15:42,5vag,
2023/06/21 15:42,5vcn,
2023/06/21 15:42,5vco,
2023/06/21 15:42,5veb,
2023/06/21 15:42,5vgj,
2023/06/21 15:42,5vic,
2023/06/21 15:42,5vig,
2023/06/21 15:42,5vjo,
2023/06/21 15:42,5vjq,
2023/06/21 15:42,5vk2,
2023/06/21 15:42,5vk6,
2023/06/21 15:42,5vkd,
2023/06/21 15:42,5vke,
2023/06/21 15:42,5vkh,
2023/06/21 15:42,5vl3,
2023/06/21 15:42,5vl7,
2023/06/21 15:42,5vlp,
2023/06/21 15:42,5vob,
2023/06/21 15:42,5voc,
2023/06/21 15:42,5vpg,
2023/06/21 15:42,5vph,
2023/06/21 15:42,5vpl,
2023/06/21 15:42,5vqm,
2023/06/21 15:42,5vta,
2023/06/21 15:42,5vxr,
2023/06/21 15:42,5vyf,
2023/06/21 15:42,5vzy,
2023/06/21 15:42,5w06,
2023/06/21 15:42,5w08,
2023/06/21 15:42,5w0d,
2023/06/21 15:42,5w0k,
2023/06/21 15:42,5w1k,
2023/06/21 15:42,5w1m,
2023/06/21 15:42,5w23,
2023/06/21 15:42,5w2b,
2023/06/21 15:42,5w3p,
2023/06/21 15:42,5w42,
2023/06/21 15:42,5w4l,
2023/06/21 15:42,5w5x,
2023/06/21 15:42,5w5z,
2023/06/21 15:42,5w6d,
2023/06/21 15:42,5w6g,
2023/06/21 15:42,5wb9,
2023/06/21 15:42,5wdf,
2023/06/21 15:42,5whk,
2023/06/21 15:42,5wi9,
2023/06/21 15:42,5wk3,
2023/06/21 15:42,5wko,
2023/06/21 15:42,5wna,
2023/06/21 15:42,5wnb,
2023/06/21 15:42,5wob,
2023/06/21 15:42,5wt9,
2023/06/21 15:42,5wtt,
2023/06/21 15:42,5wux,
2023/06/21 15:42,5x08,
2023/06/21 15:42,5x0t,
2023/06/21 15:42,5x2m,
2023/06/21 15:42,5x2n,
2023/06/21 15:42,5x2o,
2023/06/21 15:42,5x2q,
2023/06/21 15:42,5x8l,
2023/06/21 15:42,5x8m,
2023/06/21 15:42,5xbm,
2023/06/21 15:42,5xcq,
2023/06/21 15:42,5xcr,
2023/06/21 15:42,5xcs,
2023/06/21 15:42,5xct,
2023/06/21 15:42,5xcu,
2023/06/21 15:42,5xcv,
2023/06/21 15:42,5xez,
2023/06/21 15:42,5xf1,
2023/06/21 15:42,5xhv,
2023/06/21 15:42,5xj3,
2023/06/21 15:42,5xj4,
2023/06/21 15:42,5xjm,
2023/06/21 15:42,5xku,
2023/06/21 15:42,5xmh,
2023/06/21 15:42,5xwd,
2023/06/21 15:42,5xxy,
2023/06/21 15:42,5y11,
2023/06/21 15:42,5y2l,
2023/06/21 15:42,5y2m,
2023/06/21 15:42,5y9c,
2023/06/21 15:42,5y9f,
2023/06/21 15:42,5y9j,
2023/06/21 15:42,5ye3,
2023/06/21 15:42,5ye4,
2023/06/21 15:42,5yoy,
2023/06/21 15:42,5ywy,
2023/06/21 15:42,5yy5,
2023/06/21 15:42,5zia,
2023/06/21 15:42,5zs0,
2023/06/21 15:42,5zv3,
2023/06/21 15:42,6a0z,
2023/06/21 15:42,6a3w,
2023/06/21 15:42,6a4k,
2023/06/21 15:42,6a67,
2023/06/21 15:42,6a77,
2023/06/21 15:42,6a78,
2023/06/21 15:42,6a79,
2023/06/21 15:42,6ad7,
2023/06/21 15:42,6ad8,
2023/06/21 15:42,6ada,
2023/06/21 15:42,6adb,
2023/06/21 15:42,6adc,
2023/06/21 15:42,6aj9,
2023/06/21 15:42,6al0,
2023/06/21 15:42,6al1,
2023/06/21 15:42,6al5,
2023/06/21 15:42,6aod,
2023/06/21 15:42,6apb,
2023/06/21 15:42,6aq7,
2023/06/21 15:42,6aru,
2023/06/21 15:42,6att,
2023/06/21 15:42,6awn,
2023/06/21 15:42,6awo,
2023/06/21 15:42,6awp,
2023/06/21 15:42,6axk,
2023/06/21 15:42,6axl,
2023/06/21 15:42,6ayz,
2023/06/21 15:42,6az2,
2023/06/21 15:42,6azm,
2023/06/21 15:42,6azz,
2023/06/21 15:42,6b08,
2023/06/21 15:42,6b0a,
2023/06/21 15:42,6b0e,
2023/06/21 15:42,6b0g,
2023/06/21 15:42,6b0h,
2023/06/21 15:42,6b0n,
2023/06/21 15:42,6b0s,
2023/06/21 15:42,6b3s,
2023/06/21 15:42,6b5l,
2023/06/21 15:42,6b5m,
2023/06/21 15:42,6b5n,
2023/06/21 15:42,6b5o,
2023/06/21 15:42,6b5p,
2023/06/21 15:42,6b5r,
2023/06/21 15:42,6b5s,
2023/06/21 15:42,6b5t,
2023/06/21 15:42,6b9j,
2023/06/21 15:42,6b9y,
2023/06/21 15:42,6b9z,
2023/06/21 15:42,6ba5,
2023/06/21 15:42,6bae,
2023/06/21 15:42,6bah,
2023/06/21 15:42,6ban,
2023/06/21 15:42,6bb4,
2023/06/21 15:42,6bck,
2023/06/21 15:42,6bdz,
2023/06/21 15:42,6bf4,
2023/06/21 15:42,6bfq,
2023/06/21 15:42,6bfs,
2023/06/21 15:42,6bft,
2023/06/21 15:42,6bgt,
2023/06/21 15:42,6bit,
2023/06/21 15:42,6bkb,
2023/06/21 15:42,6bkc,
2023/06/21 15:42,6bkd,
2023/06/21 15:42,6blh,
2023/06/21 15:42,6bli,
2023/06/21 15:42,6bp2,
2023/06/21 15:42,6bpa,
2023/06/21 15:42,6bpc,
2023/06/21 15:42,6bpe,
2023/06/21 15:42,6bqb,
2023/06/21 15:42,6by2,
2023/06/21 15:42,6by3,
2023/06/21 15:42,6bzu,
2023/06/21 15:42,6bzv,
2023/06/21 15:42,6bzw,
2023/06/21 15:42,6bzy,
2023/06/21 15:42,6c08,
2023/06/21 15:42,6c6y,
2023/06/21 15:42,6c6z,
2023/06/21 15:42,6c9u,
2023/06/21 15:42,6cbv,
2023/06/21 15:42,6cdm,
2023/06/21 15:42,6cdo,
2023/06/21 15:42,6cdp,
2023/06/21 15:42,6cez,
2023/06/21 15:42,6cf2,
2023/06/21 15:42,6ch7,
2023/06/21 15:42,6ck9,
2023/06/21 15:42,6cmg,
2023/06/21 15:42,6cmi,
2023/06/21 15:42,6cnj,
2023/06/21 15:42,6cnk,
2023/06/21 15:42,6co3,
2023/06/21 15:42,6cse,
2023/06/21 15:42,6csf,
2023/06/21 15:42,6ct7,
2023/06/21 15:42,6cw2,
2023/06/21 15:42,6cw3,
2023/06/21 15:42,6cwt,
2023/06/21 15:42,6cxc,
2023/06/21 15:42,6cxg,
2023/06/21 15:42,6cxy,
2023/06/21 15:42,6cyf,
2023/06/21 15:42,6d01,
2023/06/21 15:42,6d0u,
2023/06/21 15:42,6d0x,
2023/06/21 15:42,6d11,
2023/06/21 15:42,6d2p,
2023/06/21 15:42,6d9w,
2023/06/21 15:42,6db5,
2023/06/21 15:42,6db6,
2023/06/21 15:42,6db7,
2023/06/21 15:42,6dc3,
2023/06/21 15:42,6dc5,
2023/06/21 15:42,6dc8,
2023/06/21 15:42,6dc9,
2023/06/21 15:42,6dca,
2023/06/21 15:42,6dcq,
2023/06/21 15:42,6dcw,
2023/06/21 15:42,6ddm,
2023/06/21 15:42,6ddr,
2023/06/21 15:42,6ddv,
2023/06/21 15:42,6df1,
2023/06/21 15:42,6df2,
2023/06/21 15:42,6dfi,
2023/06/21 15:42,6dfj,
2023/06/21 15:42,6dkj,
2023/06/21 15:42,6e3h,
2023/06/21 15:42,6e4x,
2023/06/21 15:42,6e4y,
2023/06/21 15:42,6e4z,
2023/06/21 15:42,6e56,
2023/06/21 15:42,6e62,
2023/06/21 15:42,6e63,
2023/06/21 15:42,6eay,
2023/06/21 15:42,6elu,
2023/06/21 15:42,6erx,No valid ori_fasta
2023/06/21 15:42,6ewb,
2023/06/21 15:42,6eyo,
2023/06/21 15:42,6f7t,
2023/06/21 15:42,6fax,
2023/06/21 15:42,6fgb,
2023/06/21 15:42,6fla,
2023/06/21 15:42,6flb,
2023/06/21 15:42,6flc,
2023/06/21 15:42,6fxn,
2023/06/21 15:42,6fy0,
2023/06/21 15:42,6fy1,
2023/06/21 15:42,6fy2,
2023/06/21 15:42,6fy3,
2023/06/21 15:42,6gff,
2023/06/21 15:42,6gk7,
2023/06/21 15:42,6gk8,
2023/06/21 15:42,6gku,
2023/06/21 15:42,6glw,
2023/06/21 15:42,6glx,
2023/06/21 15:42,6gv1,
2023/06/21 15:42,6h06,
2023/06/21 15:42,6h0e,
2023/06/21 15:42,6h2y,
2023/06/21 15:42,6h3t,
2023/06/21 15:42,6h3u,
2023/06/21 15:42,6h5n,
2023/06/21 15:42,6hf1,
2023/06/21 15:42,6hga,
2023/06/21 15:42,6hhc,
2023/06/21 15:42,6hig,
2023/06/21 15:42,6hx4,
2023/06/21 15:42,6hxw,
2023/06/21 15:42,6i04,
2023/06/21 15:42,6i3z,
2023/06/21 15:42,6i8s,
2023/06/21 15:42,6i9i,
2023/06/21 15:42,6iap,
2023/06/21 15:42,6icc,
2023/06/21 15:42,6icf,
2023/06/21 15:42,6id4,
2023/06/21 15:42,6iea,
2023/06/21 15:42,6ieb,
2023/06/21 15:42,6iec,
2023/06/21 15:42,6iek,
2023/06/21 15:42,6ieq,
2023/06/21 15:42,6ii4,
2023/06/21 15:42,6ii8,
2023/06/21 15:42,6ii9,
2023/06/21 15:42,6ion,
2023/06/21 15:42,6iut,
2023/06/21 15:42,6iuv,
2023/06/21 15:42,6ivz,
2023/06/21 15:42,6iw0,
2023/06/21 15:42,6iw2,
2023/06/21 15:42,6j11,
2023/06/21 15:42,6j14,
2023/06/21 15:42,6j15,
2023/06/21 15:42,6j5d,
2023/06/21 15:42,6j5f,
2023/06/21 15:42,6j5g,
2023/06/21 15:42,6j6y,
2023/06/21 15:42,6jbt,
2023/06/21 15:42,6jep,
2023/06/21 15:42,6jjp,
2023/06/21 15:42,6jod,
2023/06/21 15:42,6k0y,
2023/06/21 15:42,6k5a,
2023/06/21 15:42,6k5d,
2023/06/21 15:42,6k5f,
2023/06/21 15:42,6k5i,
2023/06/21 15:42,6k65,
2023/06/21 15:42,6k68,
2023/06/21 15:42,6k7o,
2023/06/21 15:42,6ko5,
2023/06/21 15:42,6krz,
2023/06/21 15:42,6ks0,
2023/06/21 15:42,6ks1,
2023/06/21 15:42,6ktr,
2023/06/21 15:42,6kva,
2023/06/21 15:42,6kvf,
2023/06/21 15:42,6kx1,
2023/06/21 15:42,6kyz,
2023/06/21 15:42,6kz0,
2023/06/21 15:42,6lbh,
2023/06/21 15:42,6ldv,
2023/06/21 15:42,6ldw,
2023/06/21 15:42,6ldx,
2023/06/21 15:42,6ldy,
2023/06/21 15:42,6lgw,
2023/06/21 15:42,6ln2,
2023/06/21 15:42,6lra,
2023/06/21 15:42,6lxi,
2023/06/21 15:42,6lxj,
2023/06/21 15:42,6lxk,
2023/06/21 15:42,6lyn,
2023/06/21 15:42,6lz4,
2023/06/21 15:42,6lz9,
2023/06/21 15:42,6m0f,
2023/06/21 15:42,6m0z,
2023/06/21 15:42,6m2r,
2023/06/21 15:42,6m38,
2023/06/21 15:42,6m3b,
2023/06/21 15:42,6m3c,
2023/06/21 15:42,6m3z,
2023/06/21 15:42,6m47,
2023/06/21 15:42,6m58,
2023/06/21 15:42,6mco,
2023/06/21 15:42,6mdt,
2023/06/21 15:42,6me1,
2023/06/21 15:42,6meh,
2023/06/21 15:42,6mei,
2023/06/21 15:42,6mej,
2023/06/21 15:42,6mek,
2023/06/21 15:42,6mfp,
2023/06/21 15:42,6mft,
2023/06/21 15:42,6mg7,
2023/06/21 15:42,6mhr,
2023/06/21 15:42,6mi2,
2023/06/21 15:42,6ml8,
2023/06/21 15:42,6mlk,
2023/06/21 15:42,6mnq,
2023/06/21 15:42,6mnr,
2023/06/21 15:42,6mns,
2023/06/21 15:42,6mqc,
2023/06/21 15:42,6mqe,
2023/06/21 15:42,6mqm,
2023/06/21 15:42,6mqr,
2023/06/21 15:42,6mqs,
2023/06/21 15:42,6mtj,
2023/06/21 15:42,6mtn,
2023/06/21 15:42,6mto,
2023/06/21 15:42,6mtp,
2023/06/21 15:42,6mtq,
2023/06/21 15:42,6mtt,
2023/06/21 15:42,6mu6,
2023/06/21 15:42,6mu7,
2023/06/21 15:42,6mu8,
2023/06/21 15:42,6muf,
2023/06/21 15:42,6mug,
2023/06/21 15:42,6mv5,
2023/06/21 15:42,6mvl,
2023/06/21 15:42,6n16,
2023/06/21 15:42,6n4q,
2023/06/21 15:42,6n5b,
2023/06/21 15:42,6n5d,
2023/06/21 15:42,6n5e,
2023/06/21 15:42,6n6b,
2023/06/21 15:42,6n7j,
2023/06/21 15:42,6n81,
2023/06/21 15:42,6n8d,
2023/06/21 15:42,6ncp,
2023/06/21 15:42,6nfc,
2023/06/21 15:42,6nfu,
2023/06/21 15:42,6nfv,
2023/06/21 15:42,6nha,
2023/06/21 15:42,6ni2,
2023/06/21 15:42,6nm6,
2023/06/21 15:42,6nmr,
2023/06/21 15:42,6nms,
2023/06/21 15:42,6nmt,
2023/06/21 15:42,6nmu,
2023/06/21 15:42,6nmv,
2023/06/21 15:42,6nnf,
2023/06/21 15:42,6nnj,
2023/06/21 15:42,6nqd,
2023/06/21 15:42,6nyq,
2023/06/21 15:42,6nz7,
2023/06/21 15:42,6o1f,
2023/06/21 15:42,6o23,
2023/06/21 15:42,6o24,
2023/06/21 15:42,6o25,
2023/06/21 15:42,6o26,
2023/06/21 15:42,6o28,
2023/06/21 15:42,6o29,
2023/06/21 15:42,6o2a,
2023/06/21 15:42,6o2b,
2023/06/21 15:42,6o2c,
2023/06/21 15:42,6o39,
2023/06/21 15:42,6o3a,
2023/06/21 15:42,6o3b,
2023/06/21 15:42,6o3g,
2023/06/21 15:42,6o3j,
2023/06/21 15:42,6o3l,
2023/06/21 15:42,6o41,
2023/06/21 15:42,6o42,
2023/06/21 15:42,6o9h,
2023/06/21 15:42,6o9i,
2023/06/21 15:42,6obd,
2023/06/21 15:42,6oc3,
2023/06/21 15:42,6ocb,
2023/06/21 15:42,6oe4,
2023/06/21 15:42,6oej,
2023/06/21 15:42,6oel,
2023/06/21 15:42,6ofi,
2023/06/21 15:42,6ogx,
2023/06/21 15:42,6ohg,
2023/06/21 15:42,6okm,
2023/06/21 15:42,6okn,
2023/06/21 15:42,6oor,
2023/06/21 15:42,6opo,
2023/06/21 15:42,6opp,
2023/06/21 15:42,6opq,
2023/06/21 15:42,6oro,
2023/06/21 15:42,6osh,
2023/06/21 15:42,6osv,
2023/06/21 15:42,6otc,
2023/06/21 15:42,6ous,
2023/06/21 15:42,6oy4,
2023/06/21 15:42,6oz2,
2023/06/21 15:42,6oz3,
2023/06/21 15:42,6oz9,
2023/06/21 15:42,6p3r,
2023/06/21 15:42,6p3s,
2023/06/21 15:42,6p4a,
2023/06/21 15:42,6p4b,
2023/06/21 15:42,6p50,
2023/06/21 15:42,6p60,
2023/06/21 15:42,6p67,
2023/06/21 15:42,6p7h,
2023/06/21 15:42,6p8d,
2023/06/21 15:42,6p8m,
2023/06/21 15:42,6p8n,
2023/06/21 15:42,6p91,
2023/06/21 15:42,6p95,
2023/06/21 15:42,6p9h,
2023/06/21 15:42,6pa0,
2023/06/21 15:42,6pbv,
2023/06/21 15:42,6pbw,
2023/06/21 15:42,6pcu,
2023/06/21 15:42,6pdr,
2023/06/21 15:42,6pds,
2023/06/21 15:42,6pdu,
2023/06/21 15:42,6pdx,
2023/06/21 15:42,6pe8,
2023/06/21 15:42,6pe9,
2023/06/21 15:42,6pec,
2023/06/21 15:42,6pef,
2023/06/21 15:42,6phb,
2023/06/21 15:42,6phc,
2023/06/21 15:42,6phd,
2023/06/21 15:42,6phf,
2023/06/21 15:42,6pi7,
2023/06/21 15:42,6pis,
2023/06/21 15:42,6plh,
2023/06/21 15:42,6plk,
2023/06/21 15:42,6ppg,
2023/06/21 15:42,6pv7,
2023/06/21 15:42,6pv8,
2023/06/21 15:42,6pxh,
2023/06/21 15:42,6pxr,
2023/06/21 15:42,6pze,
2023/06/21 15:42,6pzf,
2023/06/21 15:42,6q0e,
2023/06/21 15:42,6q0h,
2023/06/21 15:42,6q0i,
2023/06/21 15:42,6q0l,
2023/06/21 15:42,6q0o,
2023/06/21 15:42,6q18,
2023/06/21 15:42,6q1z,
2023/06/21 15:42,6q20,
2023/06/21 15:42,6q23,
2023/06/21 15:42,6qb6,
2023/06/21 15:42,6qd7,
2023/06/21 15:42,6qd8,
2023/06/21 15:42,6qig,
2023/06/21 15:42,6r0x,
2023/06/21 15:42,6r2s,
2023/06/21 15:42,6r8x,
2023/06/21 15:42,6rcv,
2023/06/21 15:42,6rlo,
2023/06/21 15:42,6rp8,
2023/06/21 15:42,6rps,
2023/06/21 15:42,6s3d,
2023/06/21 15:42,6s3t,
2023/06/21 15:42,6s5a,
2023/06/21 15:42,6sf6,
2023/06/21 15:42,6shg,
2023/06/21 15:42,6snc,
2023/06/21 15:42,6snd,
2023/06/21 15:42,6sne,
2023/06/21 15:42,6ss2,
2023/06/21 15:42,6ss4,
2023/06/21 15:42,6ss6,
2023/06/21 15:42,6suz,
2023/06/21 15:42,6sv2,
2023/06/21 15:42,6svl,
2023/06/21 15:42,6t3f,
2023/06/21 15:42,6t3j,
2023/06/21 15:42,6t9d,
2023/06/21 15:42,6t9e,
2023/06/21 15:42,6txz,
2023/06/21 15:42,6tyb,
2023/06/21 15:42,6u2f,
2023/06/21 15:42,6u36,
2023/06/21 15:42,6u38,
2023/06/21 15:42,6u3i,
2023/06/21 15:42,6u6u,
2023/06/21 15:42,6u9s,
2023/06/21 15:42,6ubi,
2023/06/21 15:42,6uce,
2023/06/21 15:42,6ucf,
2023/06/21 15:42,6uig,
2023/06/21 15:42,6uj9,
2023/06/21 15:42,6ule,
2023/06/21 15:42,6ulf,
2023/06/21 15:42,6umg,
2023/06/21 15:42,6umx,
2023/06/21 15:42,6uoe,
2023/06/21 15:42,6ur5,
2023/06/21 15:42,6urh,
2023/06/21 15:42,6urm,
2023/06/21 15:42,6uta,
2023/06/21 15:42,6ute,
2023/06/21 15:42,6utk,
2023/06/21 15:42,6uud,
2023/06/21 15:42,6uvo,
2023/06/21 15:42,6uyd,
2023/06/21 15:42,6uyf,
2023/06/21 15:42,6uyg,
2023/06/21 15:42,6uym,
2023/06/21 15:42,6uyn,
2023/06/21 15:42,6v4n,
2023/06/21 15:42,6v4o,
2023/06/21 15:42,6vbo,
2023/06/21 15:42,6vbp,
2023/06/21 15:42,6vbq,
2023/06/21 15:42,6vc9,
2023/06/21 15:42,6vca,
2023/06/21 15:42,6vel,
2023/06/21 15:42,6vep,
2023/06/21 15:42,6veq,
2023/06/21 15:42,6vgr,
2023/06/21 15:42,6vi0,
2023/06/21 15:42,6vi1,
2023/06/21 15:42,6vjn,
2023/06/21 15:42,6vjt,
2023/06/21 15:42,6vkn,
2023/06/21 15:42,6vln,
2023/06/21 15:42,6vlw,
2023/06/21 15:42,6vmj,
2023/06/21 15:42,6vmk,
2023/06/21 15:42,6vn1,
2023/06/21 15:42,6vo0,
2023/06/21 15:42,6vo1,
2023/06/21 15:42,6vry,
2023/06/21 15:42,6vtw,
2023/06/21 15:42,6vug,
2023/06/21 15:42,6vvu,
2023/06/21 15:42,6vx4,
2023/06/21 15:42,6vy4,
2023/06/21 15:42,6vy5,
2023/06/21 15:42,6vy6,
2023/06/21 15:42,6vyh,
2023/06/21 15:42,6vzi,
2023/06/21 15:42,6w00,
2023/06/21 15:42,6w03,
2023/06/21 15:42,6w05,
2023/06/21 15:42,6w0a,
2023/06/21 15:42,6w0b,
2023/06/21 15:42,6w0c,
2023/06/21 15:42,6w0d,
2023/06/21 15:42,6w0e,
2023/06/21 15:42,6w0f,
2023/06/21 15:42,6w0g,
2023/06/21 15:42,6w0h,
2023/06/21 15:42,6w0i,
2023/06/21 15:42,6w0j,
2023/06/21 15:42,6w16,
2023/06/21 15:42,6w41,
2023/06/21 15:42,6w4m,
2023/06/21 15:42,6w4s,
2023/06/21 15:42,6w51,
2023/06/21 15:42,6w52,
2023/06/21 15:42,6w7s,
2023/06/21 15:42,6was,
2023/06/21 15:42,6wbv,
2023/06/21 15:42,6wds,
2023/06/21 15:42,6wdt,
2023/06/21 15:42,6weq,
2023/06/21 15:42,6wer,
2023/06/21 15:42,6wex,
2023/06/21 15:42,6wez,
2023/06/21 15:42,6wf0,
2023/06/21 15:42,6wfx,
2023/06/21 15:42,6wfy,
2023/06/21 15:42,6wfz,
2023/06/21 15:42,6wg0,
2023/06/21 15:42,6wg1,
2023/06/21 15:42,6wg2,
2023/06/21 15:42,6wgl,
2023/06/21 15:42,6wh9,
2023/06/21 15:42,6whk,
2023/06/21 15:42,6wik,
2023/06/21 15:42,6wio,
2023/06/21 15:42,6wir,
2023/06/21 15:42,6wit,
2023/06/21 15:42,6wix,
2023/06/21 15:42,6wj1,
2023/06/21 15:42,6wjl,
2023/06/21 15:42,6wm9,
2023/06/21 15:42,6wmw,
2023/06/21 15:42,6wn1,
2023/06/21 15:42,6wn4,
2023/06/21 15:42,6wno,
2023/06/21 15:42,6wo3,
2023/06/21 15:42,6wo4,
2023/06/21 15:42,6wo5,
2023/06/21 15:42,6woq,
2023/06/21 15:42,6woz,
2023/06/21 15:42,6wqo,
2023/06/21 15:42,6wtu,
2023/06/21 15:42,6wtv,
2023/06/21 15:42,6wty,
2023/06/21 15:42,6wvz,
2023/06/21 15:42,6ww2,
2023/06/21 15:42,6ww5,
2023/06/21 15:42,6wwc,
2023/06/21 15:42,6wx2,
2023/06/21 15:42,6wxl,
2023/06/21 15:42,6wzj,
2023/06/21 15:42,6wzk,
2023/06/21 15:42,6wzl,
2023/06/21 15:42,6wzm,
2023/06/21 15:42,6x1s,
2023/06/21 15:42,6x1t,
2023/06/21 15:42,6x1u,
2023/06/21 15:42,6x1v,
2023/06/21 15:42,6x1w,
2023/06/21 15:42,6x3s,
2023/06/21 15:42,6x3t,
2023/06/21 15:42,6x3u,
2023/06/21 15:42,6x3v,
2023/06/21 15:42,6x3w,
2023/06/21 15:42,6x3x,
2023/06/21 15:42,6x3z,
2023/06/21 15:42,6x40,
2023/06/21 15:42,6x4t,
2023/06/21 15:42,6x58,
2023/06/21 15:42,6x5b,
2023/06/21 15:42,6x78,
2023/06/21 15:42,6x7w,
2023/06/21 15:42,6x87,
2023/06/21 15:42,6x8p,
2023/06/21 15:42,6x8q,
2023/06/21 15:42,6x8s,
2023/06/21 15:42,6x8u,
2023/06/21 15:42,6x96,
2023/06/21 15:42,6x97,
2023/06/21 15:42,6x98,
2023/06/21 15:42,6x9r,
2023/06/21 15:42,6x9s,
2023/06/21 15:42,6x9t,
2023/06/21 15:42,6x9u,
2023/06/21 15:42,6x9v,
2023/06/21 15:42,6xc2,
2023/06/21 15:42,6xc3,
2023/06/21 15:42,6xc4,
2023/06/21 15:42,6xc7,
2023/06/21 15:42,6xcj,
2023/06/21 15:42,6xcm,
2023/06/21 15:42,6xcn,
2023/06/21 15:42,6xdg,
2023/06/21 15:42,6xe1,
2023/06/21 15:42,6xey,
2023/06/21 15:42,6xkp,
2023/06/21 15:42,6xkq,
2023/06/21 15:42,6xkr,
2023/06/21 15:42,6xli,
2023/06/21 15:42,6xlq,
2023/06/21 15:42,6xlz,
2023/06/21 15:42,6xm2,
2023/06/21 15:42,6xmi,
2023/06/21 15:42,6xp6,
2023/06/21 15:42,6xpx,
2023/06/21 15:42,6xpy,
2023/06/21 15:42,6xpz,
2023/06/21 15:42,6xq0,
2023/06/21 15:42,6xq2,
2023/06/21 15:42,6xq4,
2023/06/21 15:42,6xqw,
2023/06/21 15:42,6xr0,
2023/06/21 15:42,6xrt,
2023/06/21 15:42,6xsk,
2023/06/21 15:42,6xsn,
2023/06/21 15:42,6xsw,
2023/06/21 15:42,6xxv,
2023/06/21 15:42,6xy2,
2023/06/21 15:42,6xzw,
2023/06/21 15:42,6y90,
2023/06/21 15:42,6yax,
2023/06/21 15:42,6ye3,
2023/06/21 15:42,6yio,
2023/06/21 15:42,6yla,
2023/06/21 15:42,6ywc,
2023/06/21 15:42,6ywd,
2023/06/21 15:42,6yx9,
2023/06/21 15:42,6yxd,
2023/06/21 15:42,6yxk,
2023/06/21 15:42,6yxm,
2023/06/21 15:42,6z06,
2023/06/21 15:42,6z2l,
2023/06/21 15:42,6z2m,
2023/06/21 15:42,6z3p,
2023/06/21 15:42,6z3q,
2023/06/21 15:42,6z7w,
2023/06/21 15:42,6z7y,
2023/06/21 15:42,6z7z,
2023/06/21 15:42,6zdh,
2023/06/21 15:42,6zer,
2023/06/21 15:42,6zh9,
2023/06/21 15:42,6zlr,
2023/06/21 15:42,6ztr,
2023/06/21 15:42,6zvf,
2023/06/21 15:42,7a0w,
2023/06/21 15:42,7a0x,
2023/06/21 15:42,7a0y,
2023/06/21 15:42,7a3n,
2023/06/21 15:42,7a3o,
2023/06/21 15:42,7a3p,
2023/06/21 15:42,7a3q,
2023/06/21 15:42,7a3t,
2023/06/21 15:42,7a3u,
2023/06/21 15:42,7a5r,
2023/06/21 15:42,7a5s,
2023/06/21 15:42,7a65,
2023/06/21 15:42,7a69,
2023/06/21 15:42,7a6c,
2023/06/21 15:42,7a6e,
2023/06/21 15:42,7a6f,
2023/06/21 15:42,7ahu,
2023/06/21 15:42,7ahv,
2023/06/21 15:42,7akd,
2023/06/21 15:42,7akj,
2023/06/21 15:42,7b0b,
2023/06/21 15:42,7b3o,
2023/06/21 15:42,7bbg,
2023/06/21 15:42,7bbj,
2023/06/21 15:42,7beh,
2023/06/21 15:42,7bei,
2023/06/21 15:42,7bej,
2023/06/21 15:42,7bek,
2023/06/21 15:42,7bel,
2023/06/21 15:42,7bem,
2023/06/21 15:42,7ben,
2023/06/21 15:42,7beo,
2023/06/21 15:42,7bep,
2023/06/21 15:42,7bh8,
2023/06/21 15:42,7bnv,
2023/06/21 15:42,7bpk,
2023/06/21 15:42,7bq5,
2023/06/21 15:42,7bsc,
2023/06/21 15:42,7bsd,
2023/06/21 15:42,7bwj,
2023/06/21 15:42,7bxa,
2023/06/21 15:42,7bxv,
2023/06/21 15:42,7bz5,
2023/06/21 15:42,7c01,
2023/06/21 15:42,7c2l,
2023/06/21 15:42,7c4s,
2023/06/21 15:42,7c61,
2023/06/21 15:42,7c6a,
2023/06/21 15:42,7c80,
2023/06/21 15:42,7c81,
2023/06/21 15:42,7c88,
2023/06/21 15:42,7c94,
2023/06/21 15:42,7cac,
2023/06/21 15:42,7cah,
2023/06/21 15:42,7cai,
2023/06/21 15:42,7cak,
2023/06/21 15:42,7cdi,
2023/06/21 15:42,7cdj,
2023/06/21 15:42,7ce2,
2023/06/21 15:42,7ceb,
2023/06/21 15:42,7cec,
2023/06/21 15:42,7cgw,
2023/06/21 15:42,7ch4,
2023/06/21 15:42,7ch5,
2023/06/21 15:42,7chb,
2023/06/21 15:42,7chc,
2023/06/21 15:42,7che,
2023/06/21 15:42,7chf,
2023/06/21 15:42,7chh,
2023/06/21 15:42,7cho,
2023/06/21 15:42,7chp,
2023/06/21 15:42,7chs,
2023/06/21 15:42,7chy,
2023/06/21 15:42,7chz,
2023/06/21 15:42,7cj2,
2023/06/21 15:42,7cjf,
2023/06/21 15:42,7cm4,
2023/06/21 15:42,7cmk,
2023/06/21 15:42,7cn2,
2023/06/21 15:42,7coe,
2023/06/21 15:42,7cqc,
2023/06/21 15:42,7cqd,
2023/06/21 15:42,7cr5,
2023/06/21 15:42,7cth,
2023/06/21 15:42,7ctu,No valid ori_fasta
2023/06/21 15:42,7cu4,No valid ori_fasta
2023/06/21 15:42,7cvs,
2023/06/21 15:42,7cvt,
2023/06/21 15:42,7cwl,
2023/06/21 15:42,7cwm,
2023/06/21 15:42,7cwn,
2023/06/21 15:42,7cwo,
2023/06/21 15:42,7cws,
2023/06/21 15:42,7cwt,
2023/06/21 15:42,7cwu,
2023/06/21 15:42,7cyh,
2023/06/21 15:42,7cyp,
2023/06/21 15:42,7czp,
2023/06/21 15:42,7czq,
2023/06/21 15:42,7czr,
2023/06/21 15:42,7czs,
2023/06/21 15:42,7czt,
2023/06/21 15:42,7czu,
2023/06/21 15:42,7czv,
2023/06/21 15:42,7czw,
2023/06/21 15:42,7czx,
2023/06/21 15:42,7czy,
2023/06/21 15:42,7czz,
2023/06/21 15:42,7d00,
2023/06/21 15:42,7d03,
2023/06/21 15:42,7d0b,
2023/06/21 15:42,7d0c,
2023/06/21 15:42,7d0d,
2023/06/21 15:42,7d3k,
2023/06/21 15:42,7d4g,
2023/06/21 15:42,7d6i,
2023/06/21 15:42,7d85,
2023/06/21 15:42,7daa,
2023/06/21 15:42,7dc8,
2023/06/21 15:42,7dce,
2023/06/21 15:42,7df1,
2023/06/21 15:42,7df9,
2023/06/21 15:42,7dfa,
2023/06/21 15:42,7dfb,
2023/06/21 15:42,7dfc,
2023/06/21 15:42,7dfp,
2023/06/21 15:42,7dha,
2023/06/21 15:42,7djz,
2023/06/21 15:42,7dk0,
2023/06/21 15:42,7dk2,
2023/06/21 15:42,7dk4,
2023/06/21 15:42,7dkj,
2023/06/21 15:42,7dm1,
2023/06/21 15:42,7dm2,
2023/06/21 15:42,7dnh,
2023/06/21 15:42,7doh,
2023/06/21 15:42,7dpm,
2023/06/21 15:42,7dq7,
2023/06/21 15:42,7dr4,
2023/06/21 15:42,7duo,
2023/06/21 15:42,7dx4,
2023/06/21 15:42,7dzx,
2023/06/21 15:42,7dzy,
2023/06/21 15:42,7e23,
2023/06/21 15:42,7e39,
2023/06/21 15:42,7e3k,
2023/06/21 15:42,7e3l,
2023/06/21 15:42,7e3o,
2023/06/21 15:42,7e5o,
2023/06/21 15:42,7e5r,
2023/06/21 15:42,7e5s,
2023/06/21 15:42,7e5y,
2023/06/21 15:42,7e6p,
2023/06/21 15:42,7e72,
2023/06/21 15:42,7e7e,
2023/06/21 15:42,7e7x,
2023/06/21 15:42,7e7y,
2023/06/21 15:42,7e86,
2023/06/21 15:42,7e88,
2023/06/21 15:42,7e8c,
2023/06/21 15:42,7e8f,
2023/06/21 15:42,7e8m,
2023/06/21 15:42,7e9b,
2023/06/21 15:42,7e9n,
2023/06/21 15:42,7e9o,
2023/06/21 15:42,7e9p,
2023/06/21 15:42,7e9q,
2023/06/21 15:42,7eak,
2023/06/21 15:42,7eam,
2023/06/21 15:42,7ean,
2023/06/21 15:42,7ebr,
2023/06/21 15:42,7ebz,
2023/06/21 15:42,7ec5,
2023/06/21 15:42,7ecy,
2023/06/21 15:42,7eh5,
2023/06/21 15:42,7ej4,
2023/06/21 15:42,7ej5,
2023/06/21 15:42,7ejy,
2023/06/21 15:42,7ejz,
2023/06/21 15:42,7ek0,
2023/06/21 15:42,7ekb,
2023/06/21 15:42,7ekk,
2023/06/21 15:42,7elx,
2023/06/21 15:42,7enf,
2023/06/21 15:42,7eng,
2023/06/21 15:42,7eo0,
2023/06/21 15:42,7epx,
2023/06/21 15:42,7ew5,
2023/06/21 15:42,7ey0,
2023/06/21 15:42,7ey4,
2023/06/21 15:42,7ey5,
2023/06/21 15:42,7eya,
2023/06/21 15:42,7eyc,
2023/06/21 15:42,7ezv,
2023/06/21 15:42,7f3q,
2023/06/21 15:42,7f62,
2023/06/21 15:42,7f63,
2023/06/21 15:42,7f6y,
2023/06/21 15:42,7f6z,
2023/06/21 15:42,7f7e,
2023/06/21 15:42,7f7h,
2023/06/21 15:42,7f9w,
2023/06/21 15:42,7fae,
2023/06/21 15:42,7faf,
2023/06/21 15:42,7fah,
2023/06/21 15:42,7fbi,
2023/06/21 15:42,7fci,
2023/06/21 15:42,7fcp,
2023/06/21 15:42,7fcq,
2023/06/21 15:42,7fei,
2023/06/21 15:42,7fej,
2023/06/21 15:42,7fgj,
2023/06/21 15:42,7fgl,
2023/06/21 15:42,7fgr,
2023/06/21 15:42,7fjc,No valid ori_pdb
2023/06/21 15:42,7fjn,
2023/06/21 15:42,7fjo,
2023/06/21 15:42,7fjs,
2023/06/21 15:42,7jhh,
2023/06/21 15:42,7jie,
2023/06/21 15:42,7jix,
2023/06/21 15:42,7jks,
2023/06/21 15:42,7jkt,
2023/06/21 15:42,7jmo,
2023/06/21 15:42,7jmp,
2023/06/21 15:42,7jmw,
2023/06/21 15:42,7jn5,
2023/06/21 15:42,7joo,
2023/06/21 15:42,7jr7,
2023/06/21 15:42,7jtf,
2023/06/21 15:42,7jtg,
2023/06/21 15:42,7jv2,
2023/06/21 15:42,7jv4,
2023/06/21 15:42,7jv6,
2023/06/21 15:42,7jva,
2023/06/21 15:42,7jvc,
2023/06/21 15:42,7jwg,
2023/06/21 15:42,7jwp,
2023/06/21 15:42,7jwq,
2023/06/21 15:42,7jx3,
2023/06/21 15:42,7k37,
2023/06/21 15:42,7k39,
2023/06/21 15:42,7k3b,
2023/06/21 15:42,7k43,
2023/06/21 15:42,7k45,
2023/06/21 15:42,7k4n,
2023/06/21 15:42,7k66,
2023/06/21 15:42,7k75,
2023/06/21 15:42,7k76,
2023/06/21 15:42,7k7h,
2023/06/21 15:42,7k7i,
2023/06/21 15:42,7k7r,
2023/06/21 15:42,7k8m,
2023/06/21 15:42,7k8s,No valid ori_pdb
2023/06/21 15:42,7k8t,
2023/06/21 15:42,7k8u,
2023/06/21 15:42,7k8v,
2023/06/21 15:42,7k8w,
2023/06/21 15:42,7k8x,
2023/06/21 15:42,7k8z,
2023/06/21 15:42,7k90,
2023/06/21 15:42,7k9h,
2023/06/21 15:42,7k9i,
2023/06/21 15:42,7k9j,
2023/06/21 15:42,7k9k,
2023/06/21 15:42,7k9z,
2023/06/21 15:42,7kc1,
2023/06/21 15:42,7kcr,
2023/06/21 15:42,7kd6,
2023/06/21 15:42,7kdd,
2023/06/21 15:42,7kde,
2023/06/21 15:42,7kej,
2023/06/21 15:42,7keo,
2023/06/21 15:42,7ket,
2023/06/21 15:42,7kez,
2023/06/21 15:42,7kf0,
2023/06/21 15:42,7kf1,
2023/06/21 15:42,7kfb,
2023/06/21 15:42,7kfh,
2023/06/21 15:42,7kfv,
2023/06/21 15:42,7kfw,
2023/06/21 15:42,7kfx,
2023/06/21 15:42,7kfy,
2023/06/21 15:42,7kgv,
2023/06/21 15:42,7ki4,
2023/06/21 15:42,7ki6,
2023/06/21 15:42,7klg,
2023/06/21 15:42,7klh,
2023/06/21 15:42,7kmd,
2023/06/21 15:42,7kmg,
2023/06/21 15:42,7kmh,
2023/06/21 15:42,7kmi,
2023/06/21 15:42,7kml,
2023/06/21 15:42,7kn3,
2023/06/21 15:42,7kn4,
2023/06/21 15:42,7kn7,
2023/06/21 15:42,7kpb,
2023/06/21 15:42,7kpg,
2023/06/21 15:42,7kpj,
2023/06/21 15:42,7kq7,
2023/06/21 15:42,7kqb,
2023/06/21 15:42,7kqe,
2023/06/21 15:42,7kqg,
2023/06/21 15:42,7kqh,
2023/06/21 15:42,7kqk,
2023/06/21 15:42,7kql,
2023/06/21 15:42,7kr5,
2023/06/21 15:42,7kra,
2023/06/21 15:42,7kyl,
2023/06/21 15:42,7kyo,
2023/06/21 15:42,7kzb,
2023/06/21 15:42,7kzx,
2023/06/21 15:42,7kzz,
2023/06/21 15:42,7l02,
2023/06/21 15:42,7l06,
2023/06/21 15:42,7l09,
2023/06/21 15:42,7l0l,
2023/06/21 15:42,7l0n,
2023/06/21 15:42,7l2c,
2023/06/21 15:42,7l2d,
2023/06/21 15:42,7l2e,
2023/06/21 15:42,7l2f,
2023/06/21 15:42,7l3n,
2023/06/21 15:42,7l56,
2023/06/21 15:42,7l5b,
2023/06/21 15:42,7l5j,
2023/06/21 15:42,7l7d,
2023/06/21 15:42,7l7e,
2023/06/21 15:42,7l7r,
2023/06/21 15:42,7l8p,
2023/06/21 15:42,7la4,
2023/06/21 15:42,7laa,
2023/06/21 15:42,7lab,
2023/06/21 15:42,7lbe,
2023/06/21 15:42,7lbf,
2023/06/21 15:42,7lbg,
2023/06/21 15:42,7lcn,
2023/06/21 15:42,7lcv,
2023/06/21 15:42,7ld1,
2023/06/21 15:42,7ldd,
2023/06/21 15:42,7lde,
2023/06/21 15:42,7lex,
2023/06/21 15:42,7ley,
2023/06/21 15:42,7lf0,
2023/06/21 15:42,7lf2,
2023/06/21 15:42,7lf7,
2023/06/21 15:42,7lf8,
2023/06/21 15:42,7lfa,
2023/06/21 15:42,7lfb,
2023/06/21 15:42,7lfd,
2023/06/21 15:42,7lg6,
2023/06/21 15:42,7li6,
2023/06/21 15:42,7li8,
2023/06/21 15:42,7li9,
2023/06/21 15:42,7lia,
2023/06/21 15:42,7lj4,
2023/06/21 15:42,7lj5,
2023/06/21 15:42,7lja,
2023/06/21 15:42,7ljb,
2023/06/21 15:42,7ljr,
2023/06/21 15:42,7lk4,
2023/06/21 15:42,7lkb,
2023/06/21 15:42,7lkf,
2023/06/21 15:42,7lkg,
2023/06/21 15:42,7lkh,
2023/06/21 15:42,7lki,
2023/06/21 15:42,7ll1,
2023/06/21 15:42,7ll2,
2023/06/21 15:42,7lm8,
2023/06/21 15:42,7lm9,
2023/06/21 15:42,7lo6,
2023/06/21 15:42,7lo7,
2023/06/21 15:42,7lo8,
2023/06/21 15:42,7lok,
2023/06/21 15:42,7lop,
2023/06/21 15:42,7lq7,
2023/06/21 15:42,7lqv,
2023/06/21 15:42,7lr3,
2023/06/21 15:42,7lr4,
2023/06/21 15:42,7lrs,
2023/06/21 15:42,7lrt,
2023/06/21 15:42,7ls9,
2023/06/21 15:42,7lse,
2023/06/21 15:42,7lsf,
2023/06/21 15:42,7lsg,
2023/06/21 15:42,7lss,
2023/06/21 15:42,7luc,
2023/06/21 15:42,7lue,
2023/06/21 15:42,7lwd,
2023/06/21 15:42,7lx2,
2023/06/21 15:42,7lx3,
2023/06/21 15:42,7lxm,
2023/06/21 15:42,7lxn,
2023/06/21 15:42,7lxw,
2023/06/21 15:42,7lxx,
2023/06/21 15:42,7lxy,
2023/06/21 15:42,7lxz,
2023/06/21 15:42,7ly0,
2023/06/21 15:42,7ly2,
2023/06/21 15:42,7ly3,
2023/06/21 15:42,7ly9,
2023/06/21 15:42,7m2h,
2023/06/21 15:42,7m2i,
2023/06/21 15:42,7m2j,
2023/06/21 15:42,7m30,
2023/06/21 15:42,7m3i,
2023/06/21 15:42,7m3n,
2023/06/21 15:42,7m42,
2023/06/21 15:42,7m51,
2023/06/21 15:42,7m52,
2023/06/21 15:42,7m53,
2023/06/21 15:42,7m55,
2023/06/21 15:42,7m6d,
2023/06/21 15:42,7m6e,
2023/06/21 15:42,7m6f,
2023/06/21 15:42,7m6g,
2023/06/21 15:42,7m6h,
2023/06/21 15:42,7m6i,
2023/06/21 15:42,7m71,
2023/06/21 15:42,7m7b,
2023/06/21 15:42,7m7e,
2023/06/21 15:42,7m7f,
2023/06/21 15:42,7m7i,
2023/06/21 15:42,7m7w,
2023/06/21 15:42,7m8j,
2023/06/21 15:42,7m8l,
2023/06/21 15:42,7mdj,
2023/06/21 15:42,7mdp,
2023/06/21 15:42,7mdt,
2023/06/21 15:42,7mdu,
2023/06/21 15:42,7mem,
2023/06/21 15:42,7mep,
2023/06/21 15:42,7mf1,
2023/06/21 15:42,7mfg,
2023/06/21 15:42,7mfr,
2023/06/21 15:42,7mgw,
2023/06/21 15:42,7mhr,
2023/06/21 15:42,7mhx,
2023/06/21 15:42,7mhy,
2023/06/21 15:42,7mhz,
2023/06/21 15:42,7mjj,
2023/06/21 15:42,7mjk,
2023/06/21 15:42,7mjl,
2023/06/21 15:42,7mjs,
2023/06/21 15:42,7mjt,
2023/06/21 15:42,7mk6,
2023/06/21 15:42,7mkl,
2023/06/21 15:42,7mkm,
2023/06/21 15:42,7mlh,
2023/06/21 15:42,7mly,
2023/06/21 15:42,7mlz,
2023/06/21 15:42,7mm0,
2023/06/21 15:42,7mmn,
2023/06/21 15:42,7mmo,
2023/06/21 15:42,7mn8,
2023/06/21 15:42,7mnl,
2023/06/21 15:42,7mrz,
2023/06/21 15:42,7msq,
2023/06/21 15:42,7mtb,
2023/06/21 15:42,7mub,
2023/06/21 15:42,7mw2,
2023/06/21 15:42,7mw3,
2023/06/21 15:42,7mw4,
2023/06/21 15:42,7mw5,
2023/06/21 15:42,7mw6,
2023/06/21 15:42,7mww,
2023/06/21 15:42,7mwx,
2023/06/21 15:42,7mxd,
2023/06/21 15:42,7mxe,
2023/06/21 15:42,7mxl,
2023/06/21 15:42,7myz,
2023/06/21 15:42,7mzf,
2023/06/21 15:42,7mzg,
2023/06/21 15:42,7mzh,
2023/06/21 15:42,7mzi,
2023/06/21 15:42,7mzj,
2023/06/21 15:42,7mzk,
2023/06/21 15:42,7mzl,
2023/06/21 15:42,7mzm,
2023/06/21 15:42,7mzn,
2023/06/21 15:42,7n01,No valid ori_fasta
2023/06/21 15:42,7n05,
2023/06/21 15:42,7n08,
2023/06/21 15:42,7n0a,
2023/06/21 15:42,7n0u,
2023/06/21 15:42,7n0v,
2023/06/21 15:42,7n0x,
2023/06/21 15:42,7n3c,
2023/06/21 15:42,7n3d,
2023/06/21 15:42,7n3i,
2023/06/21 15:42,7n4i,
2023/06/21 15:42,7n4j,
2023/06/21 15:42,7n4l,
2023/06/21 15:42,7n4m,
2023/06/21 15:42,7n5h,
2023/06/21 15:42,7n62,
2023/06/21 15:42,7n8h,
2023/06/21 15:42,7n8i,
2023/06/21 15:42,7n8q,
2023/06/21 15:42,7nab,
2023/06/21 15:42,7nd3,
2023/06/21 15:42,7nd4,
2023/06/21 15:42,7nd5,
2023/06/21 15:42,7nd7,
2023/06/21 15:42,7nd8,
2023/06/21 15:42,7nd9,
2023/06/21 15:42,7nda,
2023/06/21 15:42,7neg,
2023/06/21 15:42,7neh,
2023/06/21 15:42,7neq,
2023/06/21 15:42,7nez,
2023/06/21 15:42,7nfd,
2023/06/21 15:42,7niv,
2023/06/21 15:42,7niw,
2023/06/21 15:42,7njz,
2023/06/21 15:42,7nks,
2023/06/21 15:42,7np1,
2023/06/21 15:42,7ntc,
2023/06/21 15:42,7nw3,
2023/06/21 15:42,7nwl,
2023/06/21 15:42,7nx3,
2023/06/21 15:42,7nx6,
2023/06/21 15:42,7nx7,
2023/06/21 15:42,7nx8,
2023/06/21 15:42,7nx9,
2023/06/21 15:42,7nxa,
2023/06/21 15:42,7nxb,
2023/06/21 15:42,7ny5,No valid ori_fasta
2023/06/21 15:42,7o2z,
2023/06/21 15:42,7o30,
2023/06/21 15:42,7o33,
2023/06/21 15:42,7o52,
2023/06/21 15:42,7o7f,
2023/06/21 15:42,7o9s,
2023/06/21 15:42,7o9w,
2023/06/21 15:42,7oh0,
2023/06/21 15:42,7oly,
2023/06/21 15:42,7or9,
2023/06/21 15:42,7ora,
2023/06/21 15:42,7orb,
2023/06/21 15:42,7ow1,
2023/06/21 15:42,7ox1,
2023/06/21 15:42,7ox2,
2023/06/21 15:42,7ox3,
2023/06/21 15:42,7ox4,
2023/06/21 15:42,7oxn,
2023/06/21 15:42,7p40,
2023/06/21 15:42,7pa8,
2023/06/21 15:42,7pa9,
2023/06/21 15:42,7pc2,
2023/06/21 15:42,7pgb,
2023/06/21 15:42,7phu,
2023/06/21 15:42,7phv,
2023/06/21 15:42,7phw,
2023/06/21 15:42,7pi2,
2023/06/21 15:42,7pi3,
2023/06/21 15:42,7pi7,
2023/06/21 15:42,7pnm,
2023/06/21 15:42,7pnq,
2023/06/21 15:42,7po5,
2023/06/21 15:42,7pqy,
2023/06/21 15:42,7pqz,
2023/06/21 15:42,7pr0,
2023/06/21 15:42,7pry,
2023/06/21 15:42,7prz,
2023/06/21 15:42,7ps0,
2023/06/21 15:42,7ps1,
2023/06/21 15:42,7ps2,
2023/06/21 15:42,7ps4,
2023/06/21 15:42,7ps5,
2023/06/21 15:42,7ps6,
2023/06/21 15:42,7ps7,
2023/06/21 15:42,7q0g,
2023/06/21 15:42,7q0h,
2023/06/21 15:42,7q0i,
2023/06/21 15:42,7q4q,
2023/06/21 15:42,7q6e,
2023/06/21 15:42,7q9f,
2023/06/21 15:42,7q9g,
2023/06/21 15:42,7q9j,
2023/06/21 15:42,7q9m,
2023/06/21 15:42,7qez,
2023/06/21 15:42,7qf0,
2023/06/21 15:42,7qf1,
2023/06/21 15:42,7qnw,
2023/06/21 15:42,7qnx,
2023/06/21 15:42,7qny,
2023/06/21 15:42,7qti,
2023/06/21 15:42,7qtj,
2023/06/21 15:42,7qtk,
2023/06/21 15:42,7qu1,
2023/06/21 15:42,7qu2,
2023/06/21 15:42,7r40,
2023/06/21 15:42,7r58,
2023/06/21 15:42,7r6w,
2023/06/21 15:42,7r6x,
2023/06/21 15:42,7r7n,
2023/06/21 15:42,7r87,
2023/06/21 15:42,7r88,
2023/06/21 15:42,7r89,
2023/06/21 15:42,7r8a,
2023/06/21 15:42,7r8b,
2023/06/21 15:42,7r8l,
2023/06/21 15:42,7r8m,
2023/06/21 15:42,7r8n,
2023/06/21 15:42,7r8o,
2023/06/21 15:42,7r8u,
2023/06/21 15:42,7ra8,
2023/06/21 15:42,7rah,
2023/06/21 15:42,7rai,
2023/06/21 15:42,7raj,
2023/06/21 15:42,7raq,
2023/06/21 15:42,7rbu,
2023/06/21 15:42,7rbv,
2023/06/21 15:42,7rco,
2023/06/21 15:42,7rcs,
2023/06/21 15:42,7rd3,
2023/06/21 15:42,7rd4,
2023/06/21 15:42,7rd5,
2023/06/21 15:42,7rd9,
2023/06/21 15:42,7rda,
2023/06/21 15:42,7rdw,
2023/06/21 15:42,7re7,
2023/06/21 15:42,7rew,
2023/06/21 15:42,7rfb,
2023/06/21 15:42,7rfc,
2023/06/21 15:42,7rks,
2023/06/21 15:42,7rkv,
2023/06/21 15:42,7rlv,
2023/06/21 15:42,7rlw,
2023/06/21 15:42,7rlx,
2023/06/21 15:42,7rly,
2023/06/21 15:42,7rlz,
2023/06/21 15:42,7rm0,
2023/06/21 15:42,7rm1,
2023/06/21 15:42,7rm3,
2023/06/21 15:42,7rnj,
2023/06/21 15:42,7rp0,
2023/06/21 15:42,7rp2,
2023/06/21 15:42,7rp3,
2023/06/21 15:42,7rpu,
2023/06/21 15:42,7rqq,
2023/06/21 15:42,7rqr,
2023/06/21 15:42,7rr0,
2023/06/21 15:42,7rsn,
2023/06/21 15:42,7rt9,
2023/06/21 15:42,7rta,
2023/06/21 15:42,7ru3,
2023/06/21 15:42,7ru4,
2023/06/21 15:42,7ru5,
2023/06/21 15:42,7ru8,
2023/06/21 15:42,7rw2,
2023/06/21 15:42,7rxc,
2023/06/21 15:42,7rxd,
2023/06/21 15:42,7rxi,
2023/06/21 15:42,7rxj,
2023/06/21 15:42,7rxl,
2023/06/21 15:42,7rxp,
2023/06/21 15:42,7s07,
2023/06/21 15:42,7s0b,
2023/06/21 15:42,7s0c,
2023/06/21 15:42,7s0d,
2023/06/21 15:42,7s0x,
2023/06/21 15:42,7s11,
2023/06/21 15:42,7s13,
2023/06/21 15:42,7s1b,
2023/06/21 15:42,7s3m,
2023/06/21 15:42,7s3n,
2023/06/21 15:42,7s4g,
2023/06/21 15:42,7s4s,
2023/06/21 15:42,7s5p,
2023/06/21 15:42,7s5q,
2023/06/21 15:42,7s5r,
2023/06/21 15:42,7s6c,
2023/06/21 15:42,7s6d,
2023/06/21 15:42,7s6j,
2023/06/21 15:42,7s6k,
2023/06/21 15:42,7s6l,
2023/06/21 15:42,7s7i,
2023/06/21 15:42,7s8h,
2023/06/21 15:42,7sa6,
2023/06/21 15:42,7sbd,
2023/06/21 15:42,7sbg,
2023/06/21 15:42,7sbu,
2023/06/21 15:42,7sbz,
2023/06/21 15:42,7sc1,
2023/06/21 15:42,7sd3,
2023/06/21 15:42,7sd5,
2023/06/21 15:42,7seg,
2023/06/21 15:42,7sem,
2023/06/21 15:42,7sfv,
2023/06/21 15:42,7sfw,
2023/06/21 15:42,7sfx,
2023/06/21 15:42,7sg4,
2023/06/21 15:42,7sg5,
2023/06/21 15:42,7sg6,
2023/06/21 15:42,7shu,
2023/06/21 15:42,7shy,
2023/06/21 15:42,7shz,
2023/06/21 15:42,7si0,
2023/06/21 15:42,7si2,
2023/06/21 15:42,7six,
2023/06/21 15:42,7sj0,
2023/06/21 15:42,7sjn,
2023/06/21 15:42,7sjo,
2023/06/21 15:42,7sjp,
2023/06/21 15:42,7sjs,
2023/06/21 15:42,7sk3,
2023/06/21 15:42,7sk4,
2023/06/21 15:42,7sk5,
2023/06/21 15:42,7sk6,
2023/06/21 15:42,7sk7,
2023/06/21 15:42,7sk8,
2023/06/21 15:42,7sk9,
2023/06/21 15:42,7skz,
2023/06/21 15:42,7sl5,
2023/06/21 15:42,7so5,
2023/06/21 15:42,7so7,
2023/06/21 15:42,7so9,
2023/06/21 15:42,7soa,
2023/06/21 15:42,7sob,
2023/06/21 15:42,7soc,
2023/06/21 15:42,7sod,
2023/06/21 15:42,7soe,
2023/06/21 15:42,7sof,
2023/06/21 15:42,7sq1,
2023/06/21 15:42,7sqw,
2023/06/21 15:42,7srs,
2023/06/21 15:42,7ssc,
2023/06/21 15:42,7st5,
2023/06/21 15:42,7st8,
2023/06/21 15:42,7str,
2023/06/21 15:42,7sts,
2023/06/21 15:42,7stz,
2023/06/21 15:42,7su0,
2023/06/21 15:42,7su1,
2023/06/21 15:42,7sue,
2023/06/21 15:42,7swd,
2023/06/21 15:42,7swp,
2023/06/21 15:42,7sww,
2023/06/21 15:42,7swx,
2023/06/21 15:42,7sx6,
2023/06/21 15:42,7syy,
2023/06/21 15:42,7syz,
2023/06/21 15:42,7t01,
2023/06/21 15:42,7t0l,
2023/06/21 15:42,7t0r,
2023/06/21 15:42,7t0w,
2023/06/21 15:42,7t0z,
2023/06/21 15:42,7t17,
2023/06/21 15:42,7t25,
2023/06/21 15:42,7t2p,
2023/06/21 15:42,7t3d,
2023/06/21 15:42,7t3m,
2023/06/21 15:42,7t4g,
2023/06/21 15:42,7t4q,
2023/06/21 15:42,7t4r,
2023/06/21 15:42,7t4s,
2023/06/21 15:42,7t5o,
2023/06/21 15:42,7t72,
2023/06/21 15:42,7t73,
2023/06/21 15:42,7t74,
2023/06/21 15:42,7t75,
2023/06/21 15:42,7t7b,
2023/06/21 15:42,7t82,
2023/06/21 15:42,7t86,
2023/06/21 15:42,7t87,
2023/06/21 15:42,7t8w,
2023/06/21 15:42,7t92,
2023/06/21 15:42,7t9a,
2023/06/21 15:42,7t9b,
2023/06/21 15:42,7t9m,
2023/06/21 15:42,7t9n,
2023/06/21 15:42,7tas,
2023/06/21 15:42,7tat,
2023/06/21 15:42,7tb8,
2023/06/21 15:42,7tbf,
2023/06/21 15:42,7tca,
2023/06/21 15:42,7tcc,
2023/06/21 15:42,7tcq,
2023/06/21 15:42,7tct,
2023/06/21 15:42,7td8,
2023/06/21 15:42,7te1,
2023/06/21 15:42,7te9,
2023/06/21 15:42,7tfn,
2023/06/21 15:42,7the,
2023/06/21 15:42,7tho,
2023/06/21 15:42,7tht,
2023/06/21 15:42,7tjq,
2023/06/21 15:42,7tl0,
2023/06/21 15:42,7tly,
2023/06/21 15:42,7tlz,
2023/06/21 15:42,7tm0,
2023/06/21 15:42,7tmz,
2023/06/21 15:42,7tn0,
2023/06/21 15:42,7tn9,
2023/06/21 15:42,7tow,
2023/06/21 15:42,7tp3,
2023/06/21 15:42,7tp4,
2023/06/21 15:42,7tpd,
2023/06/21 15:42,7tpg,
2023/06/21 15:42,7tpj,
2023/06/21 15:42,7tr4,
2023/06/21 15:42,7ttm,
2023/06/21 15:42,7ttx,
2023/06/21 15:42,7tty,
2023/06/21 15:42,7tuf,
2023/06/21 15:42,7tug,
2023/06/21 15:42,7tuy,
2023/06/21 15:42,7txt,
2023/06/21 15:42,7txw,
2023/06/21 15:42,7txz,
2023/06/21 15:42,7ty0,
2023/06/21 15:42,7tyv,
2023/06/21 15:42,7tz5,
2023/06/21 15:42,7u09,
2023/06/21 15:42,7u0a,
2023/06/21 15:42,7u0e,
2023/06/21 15:42,7u0p,
2023/06/21 15:42,7u0q,
2023/06/21 15:42,7u0x,
2023/06/21 15:42,7u2d,
2023/06/21 15:42,7u2e,
2023/06/21 15:42,7u5b,
2023/06/21 15:42,7u60,
2023/06/21 15:42,7u8e,
2023/06/21 15:42,7u8g,
2023/06/21 15:42,7u9f,
2023/06/21 15:42,7u9g,
2023/06/21 15:42,7u9o,
2023/06/21 15:42,7u9p,
2023/06/21 15:42,7u9v,
2023/06/21 15:42,7uap,
2023/06/21 15:42,7uaq,
2023/06/21 15:42,7uar,
2023/06/21 15:42,7ubr,
2023/06/21 15:42,7ucf,
2023/06/21 15:42,7ucg,
2023/06/21 15:42,7ucx,
2023/06/21 15:42,7ucy,
2023/06/21 15:42,7udg,
2023/06/21 15:42,7udh,
2023/06/21 15:42,7uds,
2023/06/21 15:42,7ue0,
2023/06/21 15:42,7ue9,
2023/06/21 15:42,7ufh,
2023/06/21 15:42,7ufn,
2023/06/21 15:42,7ufo,
2023/06/21 15:42,7ufq,
2023/06/21 15:42,7ugn,
2023/06/21 15:42,7ugq,
2023/06/21 15:42,7uh8,
2023/06/21 15:42,7uhz,
2023/06/21 15:42,7ui0,
2023/06/21 15:42,7uja,
2023/06/21 15:42,7uje,
2023/06/21 15:42,7ujk,
2023/06/21 15:42,7uk9,
2023/06/21 15:42,7uko,
2023/06/21 15:42,7ukp,
2023/06/21 15:42,7ukt,
2023/06/21 15:42,7ul0,
2023/06/21 15:42,7ul1,
2023/06/21 15:42,7ul3,
2023/06/21 15:42,7ul7,
2023/06/21 15:42,7um3,
2023/06/21 15:42,7umm,
2023/06/21 15:42,7umn,
2023/06/21 15:42,7unb,
2023/06/21 15:42,7uop,
2023/06/21 15:42,7uot,
2023/06/21 15:42,7uov,
2023/06/21 15:42,7uow,
2023/06/21 15:42,7up9,
2023/06/21 15:42,7upa,
2023/06/21 15:42,7upb,
2023/06/21 15:42,7upd,
2023/06/21 15:42,7upk,
2023/06/21 15:42,7upl,
2023/06/21 15:42,7upw,
2023/06/21 15:42,7upx,
2023/06/21 15:42,7upy,
2023/06/21 15:42,7ur4,
2023/06/21 15:42,7ur6,
2023/06/21 15:42,7ura,
2023/06/21 15:42,7urc,
2023/06/21 15:42,7urd,
2023/06/21 15:42,7ure,
2023/06/21 15:42,7urf,
2023/06/21 15:42,7urq,
2023/06/21 15:42,7urs,
2023/06/21 15:42,7urx,
2023/06/21 15:42,7usl,
2023/06/21 15:42,7uvf,
2023/06/21 15:42,7uvh,
2023/06/21 15:42,7uvi,
2023/06/21 15:42,7uvo,
2023/06/21 15:42,7uvq,
2023/06/21 15:42,7uvs,
2023/06/21 15:42,7uxl,
2023/06/21 15:42,7uym,
2023/06/21 15:42,7uz4,
2023/06/21 15:42,7uz5,
2023/06/21 15:42,7uz6,
2023/06/21 15:42,7uz7,
2023/06/21 15:42,7uz8,
2023/06/21 15:42,7uz9,
2023/06/21 15:42,7uza,
2023/06/21 15:42,7uzb,
2023/06/21 15:42,7uzc,
2023/06/21 15:42,7uzd,
2023/06/21 15:42,7v23,
2023/06/21 15:42,7v24,
2023/06/21 15:42,7v26,
2023/06/21 15:42,7v27,
2023/06/21 15:42,7v2a,
2023/06/21 15:42,7v3h,
2023/06/21 15:42,7v3l,
2023/06/21 15:42,7v4w,
2023/06/21 15:42,7v5j,
2023/06/21 15:42,7v5k,
2023/06/21 15:42,7v61,
2023/06/21 15:42,7v64,
2023/06/21 15:42,7v6n,
2023/06/21 15:42,7v7k,
2023/06/21 15:42,7v8q,
2023/06/21 15:42,7vac,
2023/06/21 15:42,7vad,
2023/06/21 15:42,7vae,
2023/06/21 15:42,7vaf,
2023/06/21 15:42,7vag,
2023/06/21 15:42,7vaz,
2023/06/21 15:42,7vgr,
2023/06/21 15:42,7vgs,
2023/06/21 15:42,7vng,
2023/06/21 15:42,7vtj,
2023/06/21 15:42,7vux,
2023/06/21 15:42,7vyr,
2023/06/21 15:42,7vyt,
2023/06/21 15:42,7w71,
2023/06/21 15:42,7w9e,
2023/06/21 15:42,7w9f,
2023/06/21 15:42,7wb5,
2023/06/21 15:42,7wbh,
2023/06/21 15:42,7wbz,
2023/06/21 15:42,7wcd,
2023/06/21 15:42,7wch,
2023/06/21 15:42,7wck,
2023/06/21 15:42,7wcp,
2023/06/21 15:42,7wcr,
2023/06/21 15:42,7wcu,
2023/06/21 15:42,7wcz,
2023/06/21 15:42,7wd0,
2023/06/21 15:42,7wd7,
2023/06/21 15:42,7wd9,
2023/06/21 15:42,7wdf,
2023/06/21 15:42,7we7,
2023/06/21 15:42,7we8,
2023/06/21 15:42,7we9,
2023/06/21 15:42,7wea,
2023/06/21 15:42,7web,
2023/06/21 15:42,7wec,
2023/06/21 15:42,7wed,
2023/06/21 15:42,7wee,
2023/06/21 15:42,7wef,
2023/06/21 15:42,7wg3,
2023/06/21 15:42,7wgd,
2023/06/21 15:42,7wgt,
2023/06/21 15:42,7wh8,
2023/06/21 15:42,7whb,
2023/06/21 15:42,7whd,
2023/06/21 15:42,7whz,
2023/06/21 15:42,7wi0,
2023/06/21 15:42,7wjy,
2023/06/21 15:42,7wjz,
2023/06/21 15:42,7wk0,
2023/06/21 15:42,7wk8,
2023/06/21 15:42,7wk9,
2023/06/21 15:42,7wka,
2023/06/21 15:42,7wkx,
2023/06/21 15:42,7wlc,
2023/06/21 15:42,7wlw,
2023/06/21 15:42,7wly,
2023/06/21 15:42,7wlz,
2023/06/21 15:42,7wm0,
2023/06/21 15:42,7wn2,
2023/06/21 15:42,7wn8,
2023/06/21 15:42,7wnb,
2023/06/21 15:42,7wo4,
2023/06/21 15:42,7wo5,
2023/06/21 15:42,7wo7,
2023/06/21 15:42,7woa,
2023/06/21 15:42,7wob,
2023/06/21 15:42,7woc,
2023/06/21 15:42,7wog,
2023/06/21 15:42,7won,
2023/06/21 15:42,7wp0,
2023/06/21 15:42,7wp1,
2023/06/21 15:42,7wp2,
2023/06/21 15:42,7wp5,
2023/06/21 15:42,7wp6,
2023/06/21 15:42,7wp8,
2023/06/21 15:42,7wpe,
2023/06/21 15:42,7wph,
2023/06/21 15:42,7wr8,
2023/06/21 15:42,7wr9,
2023/06/21 15:42,7wrj,
2023/06/21 15:42,7wrl,
2023/06/21 15:42,7wro,
2023/06/21 15:42,7wrv,
2023/06/21 15:42,7wry,
2023/06/21 15:42,7wrz,
2023/06/21 15:42,7ws0,
2023/06/21 15:42,7ws1,
2023/06/21 15:42,7ws2,
2023/06/21 15:42,7ws3,
2023/06/21 15:42,7ws4,
2023/06/21 15:42,7ws5,
2023/06/21 15:42,7ws6,
2023/06/21 15:42,7ws7,
2023/06/21 15:42,7wsc,
2023/06/21 15:42,7wsi,
2023/06/21 15:42,7wsl,
2023/06/21 15:42,7wtf,
2023/06/21 15:42,7wtg,
2023/06/21 15:42,7wth,
2023/06/21 15:42,7wti,
2023/06/21 15:42,7wtj,
2023/06/21 15:42,7wtk,
2023/06/21 15:42,7wue,
2023/06/21 15:42,7wur,
2023/06/21 15:42,7wvd,
2023/06/21 15:42,7wvg,
2023/06/21 15:42,7wvl,
2023/06/21 15:42,7wvm,
2023/06/21 15:42,7wwi,
2023/06/21 15:42,7wwj,
2023/06/21 15:42,7wwk,
2023/06/21 15:42,7wwl,
2023/06/21 15:42,7wwm,
2023/06/21 15:42,7x08,
2023/06/21 15:42,7x1m,
2023/06/21 15:42,7x25,
2023/06/21 15:42,7x26,
2023/06/21 15:42,7x28,
2023/06/21 15:42,7x29,
2023/06/21 15:42,7x2a,
2023/06/21 15:42,7x2g,
2023/06/21 15:42,7x2h,
2023/06/21 15:42,7x2i,
2023/06/21 15:42,7x2k,
2023/06/21 15:42,7x2o,
2023/06/21 15:42,7x2t,
2023/06/21 15:42,7x2w,
2023/06/21 15:42,7x37,
2023/06/21 15:42,7x38,
2023/06/21 15:42,7x3c,
2023/06/21 15:42,7x3d,
2023/06/21 15:42,7x3e,
2023/06/21 15:42,7x3f,
2023/06/21 15:42,7x40,
2023/06/21 15:42,7x42,
2023/06/21 15:42,7x46,
2023/06/21 15:42,7x47,
2023/06/21 15:42,7x49,
2023/06/21 15:42,7x4k,
2023/06/21 15:42,7x4m,
2023/06/21 15:42,7x63,
2023/06/21 15:42,7x66,
2023/06/21 15:42,7x6a,
2023/06/21 15:42,7x6l,
2023/06/21 15:42,7x6o,
2023/06/21 15:42,7x7o,
2023/06/21 15:42,7x7t,
2023/06/21 15:42,7x7u,
2023/06/21 15:42,7x7v,
2023/06/21 15:42,7x8p,
2023/06/21 15:42,7x8q,
2023/06/21 15:42,7x8t,
2023/06/21 15:42,7x8w,
2023/06/21 15:42,7x8y,
2023/06/21 15:42,7x8z,
2023/06/21 15:42,7x90,
2023/06/21 15:42,7x91,
2023/06/21 15:42,7x92,
2023/06/21 15:42,7x93,
2023/06/21 15:42,7x94,
2023/06/21 15:42,7x95,
2023/06/21 15:42,7x96,
2023/06/21 15:42,7x9e,
2023/06/21 15:42,7xck,
2023/06/21 15:42,7xcp,No valid ori_pdb
2023/06/21 15:42,7xcz,
2023/06/21 15:42,7xda,
2023/06/21 15:42,7xdb,
2023/06/21 15:42,7xdk,
2023/06/21 15:42,7xdl,
2023/06/21 15:42,7xh8,
2023/06/21 15:42,7xic,
2023/06/21 15:42,7xik,
2023/06/21 15:42,7xil,
2023/06/21 15:42,7xj6,
2023/06/21 15:42,7xj8,
2023/06/21 15:42,7xj9,
2023/06/21 15:42,7xmx,
2023/06/21 15:42,7xmz,
2023/06/21 15:42,7xnf,
2023/06/21 15:42,7xod,
2023/06/21 15:42,7xrz,
2023/06/21 15:42,7xs8,
2023/06/21 15:42,7xsa,
2023/06/21 15:42,7xsb,
2023/06/21 15:42,7xsc,
2023/06/21 15:42,7xst,
2023/06/21 15:42,7xsw,
2023/06/21 15:42,7xw6,
2023/06/21 15:42,7xw7,
2023/06/21 15:42,7xxl,
2023/06/21 15:42,7xy8,
2023/06/21 15:42,7y0c,
2023/06/21 15:42,7y0v,
2023/06/21 15:42,7y0w,
2023/06/21 15:42,7y3j,
2023/06/21 15:42,7y7m,
2023/06/21 15:42,7yad,
2023/06/21 15:42,7yar,
2023/06/21 15:42,7yck,
2023/06/21 15:42,7ycl,
2023/06/21 15:42,7ycn,
2023/06/21 15:42,7ydi,
2023/06/21 15:42,7yeg,
2023/06/21 15:42,7yhk,
2023/06/21 15:42,7ykj,
2023/06/21 15:42,7yms,
2023/06/21 15:42,7yow,
2023/06/21 15:42,7yqx,
2023/06/21 15:42,7yqy,
2023/06/21 15:42,7yqz,
2023/06/21 15:42,7yr0,
2023/06/21 15:42,7yr1,
2023/06/21 15:42,7yrf,
2023/06/21 15:42,7yrh,
2023/06/21 15:42,7yru,
2023/06/21 15:42,7yv7,
2023/06/21 15:42,7yxu,
2023/06/21 15:42,7yzj,
2023/06/21 15:42,7z0x,
2023/06/21 15:42,7z0y,
2023/06/21 15:42,7z12,
2023/06/21 15:42,7z2m,
2023/06/21 15:42,7z3a,
2023/06/21 15:42,7z4t,
2023/06/21 15:42,7zbu,
2023/06/21 15:42,7zf3,
2023/06/21 15:42,7zf8,
2023/06/21 15:42,7zf9,
2023/06/21 15:42,7zfc,
2023/06/21 15:42,7zfd,
2023/06/21 15:42,7zfe,
2023/06/21 15:42,7zjl,
2023/06/21 15:42,7zlg,
2023/06/21 15:42,7zlh,
2023/06/21 15:42,7zli,
2023/06/21 15:42,7zlj,
2023/06/21 15:42,7zlk,
2023/06/21 15:42,7zmk,
2023/06/21 15:42,7zqt,
2023/06/21 15:42,7zr7,
2023/06/21 15:42,7zr8,
2023/06/21 15:42,7zr9,
2023/06/21 15:42,7zrc,
2023/06/21 15:42,7zwi,
2023/06/21 15:42,7zwm,
2023/06/21 15:42,7zxf,
2023/06/21 15:42,7zxk,
2023/06/21 15:42,7zyi,
2023/06/21 15:42,8a1e,
2023/06/21 15:42,8a94,
2023/06/21 15:42,8a96,
2023/06/21 15:42,8a99,
2023/06/21 15:42,8ahn,
2023/06/21 15:42,8as0,
2023/06/21 15:42,8ath,
2023/06/21 15:42,8av9,
2023/06/21 15:42,8bbh,
2023/06/21 15:42,8bbn,
2023/06/21 15:42,8bbo,
2023/06/21 15:42,8bcz,
2023/06/21 15:42,8be1,
2023/06/21 15:42,8bh5,
2023/06/21 15:42,8bse,
2023/06/21 15:42,8bsf,
2023/06/21 15:42,8c3v,
2023/06/21 15:42,8c7h,
2023/06/21 15:42,8csj,
2023/06/21 15:42,8ct6,
2023/06/21 15:42,8cw9,
2023/06/21 15:42,8cwi,
2023/06/21 15:42,8cwj,
2023/06/21 15:42,8cwk,
2023/06/21 15:42,8cwv,
2023/06/21 15:42,8cz5,
2023/06/21 15:42,8d0a,
2023/06/21 15:42,8d0z,
2023/06/21 15:42,8d1t,
2023/06/21 15:42,8d21,
2023/06/21 15:42,8d36,
2023/06/21 15:42,8d47,
2023/06/21 15:42,8d48,
2023/06/21 15:42,8d5c,
2023/06/21 15:42,8d6z,
2023/06/21 15:42,8d7e,
2023/06/21 15:42,8dad,
2023/06/21 15:42,8dao,
2023/06/21 15:42,8db4,
2023/06/21 15:42,8dcc,
2023/06/21 15:42,8dcm,
2023/06/21 15:42,8dcy,
2023/06/21 15:42,8dd2,
2023/06/21 15:42,8dd3,
2023/06/21 15:42,8ddk,
2023/06/21 15:42,8de6,
2023/06/21 15:42,8df1,
2023/06/21 15:42,8df5,
2023/06/21 15:42,8dfg,
2023/06/21 15:42,8dfh,
2023/06/21 15:42,8dfi,
2023/06/21 15:42,8dg8,
2023/06/21 15:42,8dg9,
2023/06/21 15:42,8dgu,
2023/06/21 15:42,8dgv,
2023/06/21 15:42,8dgw,
2023/06/21 15:42,8dgx,
2023/06/21 15:42,8dim,
2023/06/21 15:42,8diu,
2023/06/21 15:42,8djg,
2023/06/21 15:42,8djk,
2023/06/21 15:42,8djm,
2023/06/21 15:42,8dk6,
2023/06/21 15:42,8dke,
2023/06/21 15:42,8dki,
2023/06/21 15:42,8dkm,
2023/06/21 15:42,8dkw,
2023/06/21 15:42,8dkx,
2023/06/21 15:42,8dl6,
2023/06/21 15:42,8dl7,
2023/06/21 15:42,8dl8,
2023/06/21 15:42,8dlr,
2023/06/21 15:42,8dls,
2023/06/21 15:42,8dlw,
2023/06/21 15:42,8dm3,
2023/06/21 15:42,8dm4,
2023/06/21 15:42,8dmh,
2023/06/21 15:42,8dn6,
2023/06/21 15:42,8dn7,
2023/06/21 15:42,8dnn,
2023/06/21 15:42,8ds5,
2023/06/21 15:42,8dt3,
2023/06/21 15:42,8dto,
2023/06/21 15:42,8dtr,
2023/06/21 15:42,8dtt,
2023/06/21 15:42,8dtx,
2023/06/21 15:42,8dua,
2023/06/21 15:42,8dv6,
2023/06/21 15:42,8dvd,
2023/06/21 15:42,8dw2,
2023/06/21 15:42,8dw3,
2023/06/21 15:42,8dw9,
2023/06/21 15:42,8dwa,
2023/06/21 15:42,8dxs,
2023/06/21 15:42,8dxt,
2023/06/21 15:42,8dxu,
2023/06/21 15:42,8dy6,
2023/06/21 15:42,8dzh,
2023/06/21 15:42,8dzi,
2023/06/21 15:42,8e7m,
2023/06/21 15:42,8eb2,
2023/06/21 15:42,8ek1,
2023/06/21 15:42,8eka,
2023/06/21 15:42,8ekf,
2023/06/21 15:42,8epa,
2023/06/21 15:42,8erq,
2023/06/21 15:42,8err,
2023/06/21 15:42,8euq,
2023/06/21 15:42,8f0g,
2023/06/21 15:42,8f0h,
2023/06/21 15:42,8f0l,
2023/06/21 15:42,8f5n,
2023/06/21 15:42,8f60,
2023/06/21 15:42,8f6e,
2023/06/21 15:42,8f6f,
2023/06/21 15:42,8f6h,
2023/06/21 15:42,8f6i,
2023/06/21 15:42,8f6j,
2023/06/21 15:42,8f6l,
2023/06/21 15:42,8f6o,
2023/06/21 15:42,8fax,
2023/06/21 15:42,8fbw,
2023/06/21 15:42,8ffe,
2023/06/21 15:42,8fg0,
2023/06/21 15:42,8fr6,
2023/06/21 15:42,8g85,
2023/06/21 15:42,8g9w,
2023/06/21 15:42,8g9x,
2023/06/21 15:42,8g9y,
2023/06/21 15:42,8gas,
2023/06/21 15:42,8gb5,
2023/06/21 15:42,8gb6,
2023/06/21 15:42,8gb7,
2023/06/21 15:42,8gb8,
2023/06/21 15:42,8gng,
2023/06/21 15:42,8go8,
2023/06/21 15:42,8gpt,
2023/06/21 15:42,8gpu,
2023/06/21 15:42,8gpx,
2023/06/21 15:42,8gs9,
2023/06/21 15:42,8gsc,
2023/06/21 15:42,8gsd,
2023/06/21 15:42,8gse,
2023/06/21 15:42,8gsf,
2023/06/21 15:42,8gv5,
2023/06/21 15:42,8gv6,
2023/06/21 15:42,8gv7,
2023/06/21 15:42,8gzz,
2023/06/21 15:42,8h00,
2023/06/21 15:42,8h01,
2023/06/21 15:42,8hc2,
2023/06/21 15:42,8hc3,
2023/06/21 15:42,8hc4,
2023/06/21 15:42,8hc5,
2023/06/21 15:42,8hc6,
2023/06/21 15:42,8hc7,
2023/06/21 15:42,8hc8,
2023/06/21 15:42,8hc9,
2023/06/21 15:42,8hca,
2023/06/21 15:42,8hcb,
2023/06/21 15:42,8heb,
2023/06/21 15:42,8hec,
2023/06/21 15:42,8hed,
2023/06/21 15:42,8hhx,
2023/06/21 15:42,8hhy,
2023/06/21 15:42,8hhz,
2023/06/21 15:42,8hii,
2023/06/21 15:42,8hij,
2023/06/21 15:42,8hik,
2023/06/21 15:42,8hit,
2023/06/21 15:42,8hn6,
2023/06/21 15:42,8hn7,
2023/06/21 15:42,8hpj,
2023/06/21 15:42,8hpk,
2023/06/21 15:42,8hs2,
2023/06/21 15:42,8i0n,
2023/06/21 15:42,8i10,
2023/06/21 15:42,8i5h,
2023/06/21 15:42,8i5i,
2023/06/21 15:42,8il3,
2023/06/21 15:42,8itu,
2023/06/21 15:42,8saq,
2023/06/21 15:42,8sar,
2023/06/21 15:42,8sas,
2023/06/21 15:42,8sau,
2023/06/21 15:42,8sav,
2023/06/21 15:42,8saw,
2023/06/21 15:42,8sax,
2023/06/21 15:42,8say,
2023/06/21 15:42,8saz,
2023/06/21 15:42,8sb0,
2023/06/21 15:42,8sb1,
2023/06/21 15:42,8sb2,
2023/06/21 15:42,8sb3,
2023/06/21 15:42,8sb4,
2023/06/21 15:42,8sb5,
